Country_Region,2021/01/01,2021/01/02,2021/01/03,2022/01/01,2022/01/02,2022/01/03,2023/01/01,2023/01/02
Afghanistan,52513,52586,52709,158107,158189,158183,207616,207627
Albania,58316,58991,59438,210224,210885,210885,333811,333812
Algeria,99897,100159,100408,218818,219159,219532,271229,271229
Andorra,8117,8166,8192,23740,23740,24502,47751,47751
Angola,17568,17608,17642,82398,82920,83764,105095,105095
Antarctica,0,0,0,11,11,11,11,11
Antigua and Barbuda,159,159,160,4283,4283,4283,9106,9106
Argentina,1629594,1634834,1640718,5674428,5694930,5739326,9891139,9963697
Armenia,159738,159798,160027,344980,345007,345036,445976,445976
Australia,28460,28484,28504,462955,492563,537308,11132933,11132933
Austria,358774,360777,362368,1274628,1278327,1281328,5707962,5709405
Azerbaijan,219041,219462,220265,617311,617679,617952,826427,826446
Bahamas,7887,7887,7914,24476,25285,25534,37491,37491
Bahrain,92913,93184,93478,282677,283344,284224,698774,698849
Bangladesh,514500,515184,516019,1585909,1586466,1587140,2037125,2037156
Barbados,395,395,556,28810,28960,29160,105515,105515
Belarus,196223,198125,199962,700421,701192,701699,994037,994037
Belgium,648289,649169,650011,2105343,2105343,2133284,4668248,4668248
Belize,10776,10807,10901,32840,32840,33457,69946,69946
Benin,3251,3251,3251,24935,24935,24935,27982,27982
Bhutan,689,710,716,2660,2660,2664,62524,62524
Bolivia,160985,162055,162661,599753,611031,622312,1163105,1163836
Bosnia and Herzegovina,112143,112143,112645,291313,291313,291313,400992,401001
Botswana,14805,14805,14805,219509,219509,222053,327860,327860
Brazil,7703971,7719324,7736514,22295621,22297427,22309081,36331281,36362366
Brunei,157,157,172,15470,15470,15506,266819,266819
Bulgaria,202540,202880,203051,748184,749540,751458,1292150,1292224
Burkina Faso,6828,6940,7051,17632,17632,17632,22006,22006
Burma,125042,125616,126345,530946,531025,531155,633685,633686
Burundi,822,822,833,27366,27366,27366,51722,51722
Cabo Verde,11872,11883,11920,42463,42811,43567,63200,63203
Cambodia,379,381,382,120507,120510,120516,138591,138595
Cameroon,26848,26848,26848,109367,109367,109367,123993,123993
Canada,596582,602396,612021,2256747,2286735,2323056,4505742,4506199
Central African Republic,4963,4963,4963,12163,12163,12163,15351,15351
Chad,2141,2169,2213,6183,6183,6183,7650,7651
Chile,612564,615902,618191,1808398,1810302,1811297,5041878,5044258
China,102649,102731,102808,128132,128259,128596,4612203,4637347
Colombia,1654880,1666408,1675820,5169855,5181173,5191021,6336660,6336660
Comoros,823,864,864,6688,6835,6907,8982,8982
Congo (Brazzaville),7107,7107,7107,20089,20089,21277,25375,25375
Congo (Kinshasa),17849,17998,18102,74793,74793,74793,95173,95173
Costa Rica,169321,169321,169321,570556,570556,570556,1161687,1161687
Cote d'Ivoire,22563,22563,22648,71815,72352,72352,87941,87941
Croatia,212007,212262,212958,720538,720951,722054,1264122,1264166
Cuba,12056,12225,12424,966473,966942,967498,1112018,1112038
Cyprus,23108,23275,23902,169159,172697,177721,631111,631111
Czechia,732022,735469,740481,2480736,2481832,2483762,4579980,4580077
Denmark,166567,168182,169358,831974,839952,849334,3432465,3432465
Diamond Princess,712,712,712,712,712,712,712,712
Djibouti,5840,5841,5842,13668,13685,13723,15690,15690
Dominica,88,88,88,6862,6862,6862,15760,15760
Dominican Republic,172218,172965,173331,419927,421953,424809,655540,655540
Ecuador,213378,214513,214614,551620,552324,553201,1040463,1040463
Egypt,139471,140878,142187,386358,387159,387882,515645,515645
El Salvador,46515,46803,46803,121945,121945,122063,201785,201785
Equatorial Guinea,5277,5277,5277,13710,13710,13710,17186,17186
Eritrea,1320,1320,1320,8026,8049,8063,10189,10189
Estonia,28406,28789,29131,242123,242552,243236,611891,611891
Eswatini,9482,9711,9943,66241,66286,66441,74034,74034
Ethiopia,124652,125049,125622,424340,426656,428796,498157,498228
Fiji,49,49,49,54147,54147,55009,68750,68750
Finland,36676,36804,37009,277700,281702,286679,1438205,1438205
France,2697014,2700480,2712975,10296909,10355341,10422830,39498188,39537275
Gabon,9571,9571,9571,41798,41798,42640,48980,48980
Gambia,3800,3800,3800,10170,10170,10170,12586,12586
Georgia,228410,228752,229169,936844,937640,938583,1808820,1808820
Germany,1721839,1757872,1768423,7115992,7125701,7129500,37369867,37410650
Ghana,54930,55064,55168,143997,145052,146119,171048,171048
Greece,139447,139709,140099,1240862,1258495,1294741,5548487,5548487
Grenada,127,127,127,6299,6306,6338,19644,19644
Guatemala,138236,138316,138475,628589,628695,628804,1204300,1204428
Guinea,13738,13784,13784,32448,32671,32867,38210,38210
Guinea-Bissau,2452,2452,2455,6484,6484,6499,8947,8947
Guyana,6348,6351,6358,39779,40060,40154,72163,72163
Haiti,10015,10015,10077,26213,26255,26259,33904,33904
Holy See,27,27,27,27,27,27,29,29
Honduras,122974,123144,123369,379402,379402,379402,465915,465915
Hungary,325278,326688,327995,1256415,1256415,1262280,2185816,2185816
Iceland,5754,5754,5754,27059,27059,31070,207974,207974
India,10305788,10323965,10340469,34889132,34922882,34960261,44680046,44680180
Indonesia,751270,758473,765350,4262994,4263168,4263433,6720181,6720443
Iran,1231429,1237474,1243434,6195403,6196913,6198590,7561213,7561309
Iraq,596193,597033,597774,2093891,2094097,2094349,2465107,2465390
Ireland,93532,96926,101887,811840,811840,845897,1687668,1687668
Israel,428510,434799,441542,1390053,1395113,1404916,4764432,4765806
Italy,2129376,2141201,2155446,6266939,6328076,6396110,25143705,25143705
Jamaica,12915,12931,13049,94649,95177,95946,152758,152758
Japan,239005,242076,245242,1733835,1734463,1735244,29321601,29397865
Jordan,295765,296668,298208,1064277,1065571,1067253,1746997,1746997
Kazakhstan,202060,202880,203563,1072999,1072999,1073786,1488306,1488306
Kenya,96614,96678,96802,297155,298509,299732,342507,342511
Kiribati,0,0,0,2,2,2,3430,3430
"Korea, North",0,0,0,0,0,0,1,1
"Korea, South",62593,63244,64264,639083,642207,645226,29139535,29220591
Kosovo,51502,51502,51965,161531,161560,161598,272286,272287
Kuwait,150869,151074,151343,417723,418332,419314,662747,662747
Kyrgyzstan,81156,81214,81388,184748,184786,184827,206557,206557
Laos,41,41,41,112083,112767,113432,217797,217805
Latvia,41615,41929,42497,276841,277021,277692,973830,974046
Lebanon,183888,186408,189278,731288,732733,735727,1222515,1222912
Lesotho,3206,3206,3206,29652,29756,29999,34490,34490
Liberia,1800,1800,1800,6278,6278,6278,8043,8043
Libya,100744,100744,101414,388734,389650,390284,507142,507142
Liechtenstein,2245,2259,2282,6167,6208,6236,21276,21276
Lithuania,147862,149105,150529,526628,527906,529212,1288438,1288481
Luxembourg,46415,46415,46415,103766,103766,105358,311746,311746
MS Zaandam,9,9,9,9,9,9,9,9
Madagascar,17714,17767,17767,50279,50279,50279,67735,67735
Malawi,6684,6712,6844,75828,76066,76295,88220,88220
Malaysia,115078,117373,119077,2761472,2764354,2767044,5027097,5027457
Maldives,13804,13834,13867,95891,96052,96294,185678,185678
Mali,7203,7226,7253,21378,21549,21806,32770,32770
Malta,12909,12997,13082,53503,54250,55062,116414,116436
Marshall Islands,4,4,4,4,4,4,15547,15554
Mauritania,14581,14677,14794,41867,42182,42672,63425,63425
Mauritius,527,527,527,68552,68612,68661,289980,289980
Mexico,1437185,1443544,1448755,3988916,3990587,3993464,7234467,7234467
Micronesia,,,,1,1,1,22203,22203
Moldova,145258,145694,145873,376434,376602,376844,596550,596550
Monaco,885,901,907,4985,4985,4985,15948,15948
Mongolia,1220,1242,1263,693119,693546,693849,1007266,1007266
Montenegro,48589,48856,49195,171873,173161,174865,284756,284795
Morocco,440970,442141,443146,965420,966777,967662,1271610,1271616
Mozambique,18794,18968,19309,191722,192453,193371,230970,230970
Namibia,24545,24654,25116,148839,149478,149741,170295,170295
Nauru,0,0,0,0,0,0,4621,4621
Nepal,261019,261438,261859,828773,828986,829277,1001002,1001003
Netherlands,816616,825249,832702,3200168,3218604,3234143,8681537,8681537
New Zealand,2162,2181,2181,14257,14308,14367,2101244,2101288
Nicaragua,4829,4829,4829,13563,13563,13563,15365,15365
Niger,3403,3437,3465,7438,7438,7508,9473,9473
Nigeria,88587,89163,90080,242877,242877,244120,266381,266450
North Macedonia,83743,83789,84024,225484,225730,225972,345603,345603
Norway,49803,50266,50716,396415,399318,404551,1475148,1475396
Oman,128867,128867,129404,305489,305832,306008,399154,399154
Pakistan,484362,486634,488529,1296527,1297235,1297865,1575817,1575817
Palau,0,0,0,12,13,13,5971,5971
Panama,249733,251764,253736,497808,498785,500148,1023778,1023778
Papua New Guinea,780,780,799,36158,36190,36192,46663,46663
Paraguay,108349,108718,109073,466101,466101,469523,792215,792215
Peru,1015137,1015137,1018099,2301177,2302678,2304674,4458643,4460100
Philippines,475820,476916,477807,2847486,2851931,2855819,4064779,4065173
Poland,1305774,1312780,1318562,4120248,4127428,4133851,6368632,6368749
Portugal,420629,423870,427254,1412936,1424016,1434570,5554058,5554058
Qatar,144042,144240,144437,251361,252359,253536,489576,489792
Romania,636201,637395,640429,1810342,1811300,1813056,3308480,3312085
Russia,3153960,3179898,3203743,10340011,10358099,10374292,21495511,21499362
Rwanda,8460,8567,8676,112654,113582,114580,132920,132920
Saint Kitts and Nevis,32,33,33,3043,3193,3252,6562,6562
Saint Lucia,353,353,353,13640,13732,13816,29741,29741
Saint Vincent and the Grenadines,121,122,124,5850,5952,5991,9538,9538
Samoa,2,2,2,3,3,3,15982,15982
San Marino,2384,2428,2463,8202,8202,8487,23008,23176
Sao Tome and Principe,1022,1024,1024,3903,3912,3945,6279,6279
Saudi Arabia,362878,362979,363061,557082,558106,559852,827032,827071
Senegal,19364,19511,19697,75337,75671,75959,88900,88900
Serbia,339997,341904,343870,1300949,1302856,1305621,2446620,2447387
Seychelles,267,267,284,24788,24788,24788,50355,50355
Sierra Leone,2635,2646,2673,7114,7179,7220,7760,7760
Singapore,58629,58662,58697,279861,280290,280754,2202756,2203146
Slovakia,285079,287405,289150,1374354,1374850,1376559,2657365,2657398
Slovenia,123950,124343,125086,465711,466554,467565,1307768,1307964
Solomon Islands,17,17,17,24,24,24,24575,24575
Somalia,4714,4714,4714,23532,23532,23532,27300,27300
South Africa,1073887,1088889,1100748,3468079,3472436,3475512,4049319,4049366
South Sudan,3558,3558,3558,15242,15242,15242,18368,18368
Spain,1928265,1928265,1928265,6294745,6294745,6667511,13684258,13684258
Sri Lanka,43856,44371,44774,587596,587935,588300,671893,671898
Sudan,25730,25882,26039,46518,46518,46518,63686,63686
Summer Olympics 2020,0,0,0,865,865,865,865,865
Suriname,6277,6343,6393,52612,52895,53640,82020,82020
Sweden,437379,437379,437379,1314784,1314784,1314784,2674862,2674862
Switzerland,452296,452296,452296,1332615,1332615,1371062,4399516,4399516
Syria,11526,11616,11710,50310,50337,50364,57423,57423
Taiwan*,802,808,812,17050,17070,17095,8872746,8889346
Tajikistan,13665,13671,13674,17493,17493,17493,17786,17786
Tanzania,509,509,509,29306,29306,29306,42351,42351
Thailand,7163,7379,7694,2226446,2229558,2232485,4723919,4723919
Timor-Leste,44,44,46,19839,19839,19842,23386,23386
Togo,3662,3683,3702,30163,31165,31390,39343,39344
Tonga,0,0,0,1,1,1,16211,16211
Trinidad and Tobago,7158,7162,7168,92201,92659,92997,186033,186033
Tunisia,140557,141979,143544,727843,728260,728802,1147571,1147571
Turkey,2220855,2232035,2241912,9519281,9552801,9597670,17042722,17042722
Tuvalu,0,0,0,0,0,0,2805,2805
US,20397401,20670025,20873238,55099969,55396212,56438999,100769543,100777853
Uganda,35511,35712,35922,142604,144540,145963,169985,169985
Ukraine,1096855,1102256,1107137,3852397,3854405,3856359,5662774,5662807
United Arab Emirates,209678,211641,213231,764493,767093,769608,1047065,1047109
United Kingdom,2549671,2607548,2662664,13174530,13310224,13498751,24365688,24365688
Uruguay,19753,20275,20823,414294,415249,416970,1011988,1020161
Uzbekistan,77182,77182,77258,199030,199118,199182,249217,249217
Vanuatu,1,1,1,7,7,7,12013,12013
Venezuela,113884,114083,114230,444828,444972,445082,550613,550613
Vietnam,1474,1482,1494,1746092,1763040,1778976,11525284,11525336
West Bank and Gaza,139223,140287,141219,469748,469748,469748,703228,703228
Winter Olympics 2022,0,0,0,0,0,0,535,535
Yemen,2101,2101,2101,10127,10130,10138,11945,11945
Zambia,20997,21230,21582,257948,259677,261221,334629,334661
Zimbabwe,14084,14491,15265,214214,214214,216087,259981,259981
