Country_Region,2022/02/01,2022/02/02,2022/02/03,2022/02/04,2022/02/05,2022/02/06,2022/02/07,2022/02/08,2022/02/09,2022/02/10,2022/02/11,2022/02/12,2022/02/13,2022/02/14,2022/02/15,2022/02/16,2022/02/17,2022/02/18,2022/02/19,2022/02/20,2022/02/21,2022/02/22,2022/02/23,2022/02/24,2022/02/25,2022/02/26,2022/02/27,2022/02/28
Afghanistan,163555,164190,164727,165358,165711,166191,166924,167739,168550,169448,169940,170152,170604,171246,171422,171519,171673,171857,171931,172205,172441,172716,172901,173047,173084,173146,173395,173659
Albania,258543,261240,261240,263172,263172,264624,264875,265716,266416,267020,267020,267551,268008,268304,268491,268940,269301,269601,269904,270164,270370,270455,270734,270947,271141,271141,271527,271563
Algeria,253520,254885,255836,256806,257598,257976,258478,259088,259673,260191,260723,261226,261752,262165,262570,262994,263369,263685,263936,264054,264201,264365,264488,264603,264706,264778,264855,264936
Andorra,35958,36315,36470,36599,36599,36599,36808,36808,36989,37074,37140,37140,37140,37277,37361,37452,37522,37589,37589,37589,37589,37820,37901,37958,37999,37999,37999,37999
Angola,98226,98267,98319,98340,98351,98364,98409,98424,98453,98474,98501,98514,98514,98514,98555,98568,98585,98605,98617,98638,98658,98671,98698,98701,98701,98701,98701,98741
Antarctica,11,11,11,11,11,11,11,11,11,11,11,11,11,11,11,11,11,11,11,11,11,11,11,11,11,11,11,11
Antigua and Barbuda,6627,6732,6732,6732,6732,6853,6853,6853,6853,7321,7331,7331,7331,7331,7342,7395,7395,7400,7408,7408,7408,7408,7429,7435,7437,7437,7437,7437
Argentina,8427778,8472848,8515285,8555379,8577215,8589879,8615285,8648075,8675327,8700437,8716940,8728262,8734551,8747601,8766174,8783208,8799858,8815247,8823054,8827504,8838674,8855624,8868188,8878486,8887973,8893568,8897178,8900656
Armenia,370922,374878,379266,383458,387490,389957,391588,394074,396885,399727,402403,404805,406379,407074,408381,410155,411878,413295,414764,415464,415757,416510,417456,418220,418792,419423,419693,419832
Australia,2620532,2644760,2676939,2704275,2727260,2752507,2779880,2811390,2822873,2854123,2876687,2902294,2914583,2945496,2969890,2967316,2990045,3013262,3030638,3048857,3074020,3099249,3124101,3150771,3170574,3188117,3209599,3235017
Austria,1861707,1889437,1933415,1967057,2003905,2037105,2067085,2093012,2122068,2162487,2197838,2231218,2261101,2286139,2310227,2336753,2375594,2406524,2437153,2462981,2484817,2506243,2530015,2565399,2594032,2623952,2649152,2671323
Azerbaijan,663693,670313,676426,683476,691180,698654,703334,710366,718145,725777,732380,738328,745169,747918,752605,759753,764202,768019,771709,774394,775432,777804,779783,781538,782748,782748,785301,785670
Bahamas,32606,32645,32680,32680,32715,32773,32802,32833,32833,32871,32903,32925,32931,32950,32972,33005,33005,33018,33024,33052,33068,33081,33081,33105,33108,33108,33129,33135
Bahrain,382748,390602,398665,405938,413372,421081,428123,435244,442062,448166,453916,458539,463805,468623,473462,477750,481512,485163,488423,492327,495212,498637,501643,504375,506974,509390,512306,514883
Bangladesh,1811987,1824180,1835776,1844828,1853187,1861532,1870901,1879255,1887271,1894535,1899803,1904826,1909664,1914356,1919102,1923031,1926570,1929154,1931304,1933291,1935242,1936837,1938135,1939651,1941057,1941816,1942680,1943577
Barbados,45216,45897,46506,47124,47777,48239,48658,49372,49958,50477,50880,51311,51624,51895,52310,52637,52909,53253,53508,53698,53884,54106,54344,54536,54731,54902,55031,55165
Belarus,744871,748505,753495,760845,769076,777391,783260,788934,797188,805651,814262,823045,831966,838571,843717,851636,859884,868078,875934,883217,887582,890089,896319,902315,907978,913333,917468,919736
Belgium,3184201,3229629,3267656,3296038,3296038,3296038,3344833,3363890,3386223,3405839,3421081,3421081,3421081,3447539,3460301,3473015,3484518,3494223,3494223,3494223,3512212,3520568,3529041,3537675,3544034,3544034,3544034,3557314
Belize,52004,52775,53198,53544,53544,53544,54179,54516,54758,54973,55183,55183,55183,55518,55653,55803,55975,56079,56079,56079,56256,56374,56450,56525,56597,56597,56597,56694
Benin,26450,26498,26498,26498,26498,26498,26498,26498,26498,26498,26552,26552,26552,26552,26552,26567,26567,26567,26567,26567,26567,26567,26567,26567,26567,26567,26567,26567
Bhutan,5203,5393,5532,5720,5934,6092,6300,6459,6648,6779,6964,7199,7429,7666,7916,8297,8683,9210,9557,10078,10112,10196,10514,11010,11369,11820,12194,12702
Bolivia,859530,863675,867071,867071,871749,871749,874906,874906,878922,878922,880891,882649,883382,885004,886108,887089,887089,888175,889044,889511,890420,891112,891851,891851,892537,893048,893223,893395
Bosnia and Herzegovina,349095,351219,353137,354325,354325,354325,356930,358398,359876,361189,362527,362527,362527,364610,365589,366450,367025,367641,367641,367641,368735,369230,369870,370295,370652,370652,370652,371202
Botswana,253036,253036,256041,256041,256041,256041,257167,257167,257167,259655,259655,259655,259655,260491,260491,260491,261913,261913,261913,261913,262652,262652,262652,262652,263950,263950,263950,263950
Brazil,25634781,25820745,26107894,26326454,26484546,26546399,26616014,26793497,26972914,27135550,27299336,27434286,27492904,27552267,27677468,27819996,27940119,28072238,28177367,28218180,28258458,28361951,28493336,28589235,28679671,28749552,28776794,28796571
Brunei,16476,16691,16691,16891,17404,17404,18152,18404,18845,19473,20454,21579,22515,23992,24659,25584,27599,27599,27599,34979,37798,41049,44334,48055,51516,55485,59447,63542
Bulgaria,963108,972260,980402,988518,993255,995436,1003448,1011588,1018851,1025129,1031660,1035285,1036824,1042954,1049543,1054566,1059192,1063808,1066413,1067648,1072493,1077160,1080571,1083425,1086328,1087796,1088520,1091279
Burkina Faso,20649,20649,20664,20673,20679,20679,20683,20685,20693,20696,20699,20705,20716,20721,20725,20729,20743,20744,20745,20751,20751,20751,20751,20751,20751,20751,20751,20751
Burma,536393,536536,536904,537223,537569,537901,538409,539554,540597,541904,543511,545298,546771,548357,550824,553564,556256,559314,562364,565667,568564,572127,575508,578446,581837,584239,586198,587891
Burundi,37432,37469,37562,37562,37562,37562,37742,37756,37756,37816,37856,37856,37856,37902,37923,37947,37947,37947,37947,37947,38011,38018,38027,38047,38063,38063,38063,38127
Cabo Verde,55721,55739,55754,55769,55772,55785,55802,55811,55820,55827,55833,55840,55842,55844,55846,55856,55856,55858,55860,55860,55863,55864,55870,55876,55880,55881,55882,55886
Cambodia,121390,121438,121484,121550,121662,121773,121881,121983,122206,122468,122742,123042,123443,123955,124139,124343,124787,125201,125753,126489,126977,127575,128133,128599,129078,129548,129920,130276
Cameroon,116718,116718,116718,116718,116718,116718,117676,117676,117676,117676,118675,118675,118675,118675,118675,118675,119107,119107,119107,119107,119107,119107,119107,119240,119240,119240,119240,119240
Canada,3085591,3100943,3114115,3127213,3133836,3139239,3155289,3165329,3175654,3186035,3193438,3203282,3206897,3219086,3225542,3233298,3240493,3247240,3250784,3253232,3256889,3264880,3274692,3280453,3289085,3290897,3294481,3302400
Central African Republic,13919,14023,14023,14023,14023,14023,14023,14023,14110,14110,14154,14154,14154,14187,14187,14187,14187,14187,14187,14187,14187,14187,14187,14187,14187,14187,14187,14225
Chad,7155,7157,7157,7157,7157,7157,7214,7216,7216,7216,7216,7216,7216,7216,7216,7216,7216,7216,7216,7216,7246,7248,7248,7248,7248,7248,7248,7255
Chile,2190561,2221276,2258005,2296712,2335034,2371833,2405672,2431845,2466098,2504168,2545819,2582934,2621427,2652713,2677692,2709854,2747552,2783458,2819246,2851382,2876455,2895931,2921131,2953895,2985873,3015630,3041400,3061019
China,134564,134745,135008,135216,135663,136115,136880,137648,138855,139968,141448,143060,144519,146700,148461,152856,159083,162889,169170,175417,183114,189565,198478,207599,217932,292792,344032,400569
Colombia,5901715,5916825,5930393,5943783,5956350,5966706,5975786,5985516,5994301,6002570,6007991,6014563,6020095,6023257,6026988,6031130,6035143,6039163,6043661,6047042,6049952,6052126,6054307,6056556,6058715,6060793,6062701,6064583
Comoros,7832,7833,7870,7870,7928,7944,7964,7965,7978,7989,7998,7998,8005,8005,8005,8010,8012,8014,8016,8020,8021,8024,8024,8026,8026,8032,8033,8033
Congo (Brazzaville),23705,23705,23705,23705,23705,23705,23792,23792,23854,23860,23860,23860,23860,23874,23874,23874,23874,23874,23874,23874,23925,23925,23925,23967,23967,23967,23967,24020
Congo (Kinshasa),85379,85510,85510,85510,85510,85510,85686,85686,85708,85743,85776,85776,85776,85793,85793,85822,85834,85834,85834,85834,85876,85876,85876,85938,85999,85999,85999,86018
Costa Rica,701471,708560,715749,721971,721971,721971,733708,739844,745949,751605,757093,757093,757093,766520,771027,775318,779323,783437,783437,783437,790444,793835,797030,799826,802472,802472,802472,806928
Cote d'Ivoire,80783,80783,80783,80821,80901,80920,80938,80976,81005,81040,81109,81118,81118,81213,81237,81253,81282,81322,81346,81367,81374,81397,81410,81410,81449,81467,81467,81483
Croatia,944552,954555,963370,971464,979000,983780,985050,990595,998463,1004804,1009973,1015185,1017915,1018367,1021777,1027572,1032033,1035632,1039157,1041212,1041524,1043334,1047108,1049667,1051697,1053568,1054596,1054794
Cuba,1046400,1047860,1049406,1050840,1052220,1053560,1054909,1055927,1056846,1057797,1058946,1059834,1060732,1061524,1062154,1062748,1063481,1064128,1064757,1065385,1065947,1066414,1066927,1067522,1068148,1068757,1069387,1069862
Cyprus,259784,262867,265945,268852,271420,273634,273634,277864,280643,283458,285943,288063,290110,293040,295686,298235,300435,302739,304503,306219,308917,311239,313406,313406,315341,318773,320160,322516
Czechia,3150554,3217661,3268443,3312744,3346615,3374680,3385286,3414963,3458101,3493940,3525477,3551711,3564497,3572795,3624361,3629389,3649295,3667743,3684163,3693738,3711531,3714705,3731633,3744898,3756826,3767707,3774273,3774273
Denmark,1819505,1875214,1919543,1961273,2000463,2038073,2073328,2124590,2179734,2234177,2283836,2328905,2367533,2397366,2441321,2484869,2525517,2561714,2595018,2621660,2650559,2681103,2710998,2736535,2759752,2777111,2794212,2810800
Diamond Princess,712,712,712,712,712,712,712,712,712,712,712,712,712,712,712,712,712,712,712,712,712,712,712,712,712,712,712,712
Djibouti,15472,15475,15492,15507,15510,15510,15524,15525,15527,15529,15530,15531,15534,15534,15535,15535,15535,15537,15541,15542,15542,15542,15543,15545,15546,15547,15547,15547
Dominica,9387,9387,9502,9621,9722,9722,10000,10073,10073,10190,10311,10414,10414,10527,10669,10728,10752,10801,10801,10801,10801,10953,10991,11016,11016,11016,11016,11108
Dominican Republic,556520,557919,558936,560037,561657,562613,563657,564467,565862,567085,567895,569024,569446,569702,570236,570636,570889,571200,571552,571856,572290,572596,572596,573458,573776,574071,574071,574556
Ecuador,739297,745819,752635,761321,766398,769149,769149,769149,769149,781470,781470,781470,781470,799140,800320,800320,808925,808925,808925,808925,819886,820541,820541,827760,827760,827760,827760,827760
Egypt,428202,430480,432761,435052,437350,439651,441923,444117,446308,448497,450676,452821,452821,457081,459198,461299,463370,465423,467448,469457,471460,473449,475341,477173,478984,480727,482248,483771
El Salvador,135109,135109,135109,135109,135109,135109,135109,135109,135109,135109,135109,135109,135109,147786,147786,147786,147786,147786,147786,147786,147786,147786,147786,147786,147786,147786,147786,156364
Equatorial Guinea,15828,15828,15828,15845,15845,15845,15850,15850,15850,15853,15853,15859,15859,15859,15869,15869,15870,15870,15870,15870,15874,15874,15874,15877,15877,15877,15877,15884
Eritrea,9536,9580,9601,9619,9631,9637,9644,9651,9652,9660,9662,9664,9668,9675,9679,9680,9681,9683,9687,9687,9689,9689,9694,9696,9698,9700,9700,9701
Estonia,344060,351240,358087,366089,373900,380946,385567,391849,398519,405101,410210,415994,420604,423499,427010,435448,441941,448666,455636,459747,462728,467989,474550,478941,483955,487955,492149,494430
Eswatini,68423,68454,68505,68540,68551,68553,68579,68661,68702,68727,68762,68781,68795,68815,68858,68900,68925,68957,68972,68978,68993,69021,69050,69095,69119,69125,69130,69160
Ethiopia,465477,465792,466126,466289,466455,466539,466677,466840,467001,467153,467288,467399,467498,467575,467691,467860,467975,468234,468284,468345,468379,468426,468495,468564,468606,468625,468674,468727
Fiji,62855,63147,63147,63274,63274,63274,63356,63356,63398,63398,63476,63476,63476,63509,63509,63543,63543,63624,63624,63624,63650,63650,63687,63687,63756,63756,63756,63930
Finland,493114,501152,507940,514892,514892,514892,534790,542262,546782,559587,569973,569973,569973,582383,586809,592765,600718,605046,605046,605046,622717,625463,629727,637658,637729,637729,637729,637757
France,19681231,19998301,20274710,20517059,20731613,20887052,20935910,21174600,21177663,21511997,21646561,21765182,21851747,21884370,21886335,22130264,22223882,22310014,22386566,22445580,22466076,22563594,22638153,22707110,22765934,22819557,22862157,22877926
Gabon,46925,47148,47148,47247,47247,47247,47362,47362,47399,47399,47399,47426,47426,47446,47446,47446,47467,47484,47484,47484,47506,47506,47520,47520,47520,47520,47534,47543
Gambia,11863,11863,11863,11880,11880,11880,11880,11880,11911,11911,11911,11911,11911,11911,11911,11924,11924,11924,11924,11924,11924,11924,11924,11924,11924,11924,11924,11939
Georgia,1200124,1226444,1250108,1272371,1295505,1314603,1325838,1350454,1375615,1398059,1418027,1438353,1454065,1458093,1480841,1496156,1511800,1526205,1539493,1548893,1553668,1565769,1575999,1584454,1591936,1598172,1603007,1605472
Germany,10028181,10238799,10474730,10720143,10714125,10701221,11155840,11345188,11584394,11828165,12064783,12056471,12042843,12469534,12632383,12858189,13088911,13302565,13298266,13286301,13679141,13815611,14028662,14243278,14444287,14442304,14428898,14784096
Ghana,156920,156920,157220,157220,157541,157541,157751,157751,157751,157751,157751,157751,157751,157917,157992,158159,158220,158220,158220,158220,158434,158894,159124,159124,159124,159124,159124,159674
Greece,1965719,1984544,2002206,2020846,2036869,2047849,2066696,2090383,2109999,2129153,2146798,2163240,2174093,2194453,2216411,2235920,2255421,2274025,2289330,2298926,2317014,2336615,2353577,2369396,2385304,2397187,2405401,2421664
Grenada,12498,12589,12698,12774,12834,12862,12872,12886,13041,13102,13172,13242,13255,13266,13373,13413,13452,13491,13525,13526,13532,13565,13565,13598,13661,13696,13679,13690
Guatemala,694513,698385,702310,705614,709910,711076,712057,716082,720802,725701,729977,733960,735099,735957,740011,744754,749257,753281,756600,757588,758303,762096,766475,770135,773575,776262,776991,776991
Guinea,36166,36193,36206,36248,36262,36262,36270,36281,36297,36314,36329,36329,36329,36329,36329,36354,36354,36354,36354,36354,36393,36393,36393,36393,36393,36393,36393,36397
Guinea-Bissau,7586,7691,7726,7749,7749,7770,7772,7802,7813,7820,7820,7849,7849,7849,7878,7889,7891,7905,7907,7907,7907,7953,7972,7972,7985,7985,8001,8001
Guyana,60109,60385,60676,61108,61404,61600,61616,61734,61901,62061,62156,62156,62156,62265,62360,62465,62537,62585,62638,62656,62668,62746,62779,62798,62856,62891,62891,62921
Haiti,29549,29549,29715,29779,29832,29848,29879,29888,29907,29907,29907,30055,30055,30102,30121,30162,30208,30226,30260,30273,30287,30299,30314,30336,30340,30342,30342,30350
Holy See,29,29,29,29,29,29,29,29,29,29,29,29,29,29,29,29,29,29,29,29,29,29,29,29,29,29,29,29
Honduras,391874,391874,391874,391874,391874,391874,391874,391874,391874,391874,391874,391874,391874,391874,391874,404764,404764,404764,404764,404764,408456,408456,409708,411212,411212,411212,411212,411212
Hungary,1562827,1582517,1600411,1616846,1616846,1616846,1650562,1657615,1671547,1684432,1695991,1695991,1695991,1717072,1721483,1730366,1738944,1746424,1746424,1746424,1759685,1762878,1769164,1774676,1779174,1779174,1779174,1787544
Iceland,69177,70721,72136,73530,73530,73530,78201,79511,81981,83942,85980,85980,85980,92127,93933,96623,99764,102086,102086,102086,109494,112094,115241,118684,123373,123373,123373,129844
India,41630885,41803318,41952712,42080664,42188138,42272014,42339611,42410976,42478060,42536137,42586544,42631421,42665534,42692943,42723558,42754315,42780235,42802505,42822473,42838524,42851929,42867031,42881179,42894345,42905844,42916117,42924130,42931045
Indonesia,4369391,4387286,4414483,4446694,4480423,4516480,4542601,4580093,4626936,4667554,4708043,4763252,4807778,4844279,4901328,4966046,5030002,5089637,5149021,5197505,5231923,5289414,5350902,5408328,5457775,5504418,5539394,5564448
Iran,6408244,6446404,6483799,6520707,6543837,6579266,6619085,6657842,6696927,6730608,6761855,6780453,6806265,6835221,6860255,6876565,6894110,6913427,6925485,6942452,6961562,6983635,6998975,7011932,7023904,7030943,7040467,7051429
Iraq,2218483,2226776,2233725,2240294,2244610,2248199,2253484,2258844,2263525,2267745,2271521,2273535,2275571,2278582,2281566,2284205,2286451,2288777,2290011,2291170,2293244,2294929,2296665,2298164,2299767,2300645,2301590,2302793
Ireland,1187216,1193156,1199217,1205914,1205914,1205914,1221082,1224862,1230539,1236188,1242806,1242806,1242806,1255571,1250039,1255303,1260329,1265124,1265124,1265124,1276778,1280058,1284179,1287908,1292212,1292212,1292212,1300422
Israel,2966444,3037135,3095812,3111300,3142811,3196541,3247419,3286273,3316228,3347650,3374697,3394758,3426096,3451526,3474120,3491958,3511868,3523457,3535055,3552858,3566809,3576916,3589326,3601897,3607504,3615224,3625738,3634503
Italy,11116422,11235745,11348701,11449601,11542793,11621736,11663338,11765767,11847436,11923631,11991109,12053330,12105675,12134451,12205474,12265343,12323398,12377098,12427773,12469975,12494459,12554596,12603758,12651251,12693320,12732680,12764558,12782836
Jamaica,124806,124967,125250,125517,125781,125993,126222,126350,126437,126589,126732,126886,127054,127163,127233,127294,127377,127436,127516,127610,127665,127706,127741,127799,127856,127916,127961,127986
Japan,2825414,2920300,3024742,3122919,3225194,3315180,3383184,3484368,3582167,3681890,3780239,3848672,3926107,3986217,4070412,4161342,4256522,4344220,4425739,4497233,4549142,4618759,4699110,4760332,4825972,4898120,4961816,5012908
Jordan,1243090,1260983,1280106,1301492,1314243,1330107,1351733,1374453,1396430,1417890,1436762,1450810,1468360,1490473,1508950,1526272,1541379,1553758,1560822,1570907,1582161,1591278,1599422,1606837,1614698,1617178,1623474,1631708
Kazakhstan,1332643,1340410,1347183,1353048,1353048,1361663,1363682,1367054,1370466,1373047,1375330,1377390,1378771,1379972,1381558,1382966,1384317,1384317,1386291,1386963,1387446,1388101,1388713,1389288,1389288,1389784,1390441,1390670
Kenya,321552,321671,321764,321922,322043,322096,322151,322214,322274,322334,322388,322436,322473,322497,322517,322545,322614,322640,322669,322696,322702,322736,322781,322822,322869,322906,322930,322946
Kiribati,629,767,913,1037,1387,1543,1744,1951,2173,2235,2316,2451,2548,2582,2665,2665,2757,2810,2823,2833,2833,2861,2867,2883,2892,2904,2914,2914
"Korea, North",0,0,0,0,0,0,0,0,0,0,0,0,0,0,0,0,0,0,0,0,0,0,0,0,0,0,0,0
"Korea, South",884310,907214,934656,971018,1009688,1044963,1081681,1131239,1185361,1239287,1294205,1350630,1405246,1462421,1552851,1645978,1755806,1858009,1962837,2058184,2157734,2329182,2499188,2665077,2831283,2994841,3134456,3273449
Kosovo,207971,210561,212671,214524,216245,217528,218282,219069,220209,220926,221696,222339,222941,223188,223561,224069,224480,224716,224965,225148,225249,225407,225664,225853,225993,226112,226193,226248
Kuwait,552153,558745,564735,570142,574587,578819,583113,587102,590565,593889,596785,599039,601307,603869,606035,607952,609453,610801,611820,613015,614344,615397,616409,617275,618121,618703,619310,619894
Kyrgyzstan,198518,198719,199164,199164,199326,199436,199519,199617,199714,199821,199890,200020,200066,200066,200121,200175,200214,200287,200287,200322,200337,200368,200388,200402,200427,200458,200500,200527
Laos,134438,134901,135301,135660,136148,136438,136720,137103,137557,138007,138431,138765,139028,139244,139685,140030,140353,140604,140889,141083,141301,141441,141694,141933,142237,142474,142609,142743
Latvia,401792,412402,422233,432370,442871,450105,453751,464895,476730,488329,500126,510833,518622,522766,533871,545296,556891,567176,579168,585944,589763,601600,612920,624008,633960,644077,649504,653120
Lebanon,928522,939282,948728,957155,965627,971774,978125,984607,993095,999155,1006109,1012044,1016487,1020204,1023935,1029998,1035209,1039299,1043028,1046173,1049274,1053252,1057000,1060152,1062879,1065307,1066840,1068710
Lesotho,32176,32258,32258,32258,32258,32258,32350,32350,32350,32372,32372,32372,32372,32434,32434,32434,32434,32434,32434,32434,32434,32599,32599,32599,32612,32612,32612,32612
Liberia,7272,7272,7272,7276,7276,7276,7346,7346,7346,7358,7358,7358,7358,7359,7360,7360,7360,7360,7360,7360,7360,7360,7360,7360,7360,7360,7360,7384
Libya,433932,438303,441959,445876,445876,450118,452950,456276,459548,463321,466666,466666,470314,473114,475604,478488,480945,482153,482153,484445,486752,488567,489940,491216,492154,492154,493548,494446
Liechtenstein,9035,9176,9355,9514,9611,9672,9764,9956,10093,10254,10411,10451,10523,10686,10768,10837,10958,11051,11113,11238,11293,11362,11467,11564,11671,11752,11809,12001
Lithuania,715474,730245,745657,760533,775255,786158,794046,804300,818479,830965,843042,854681,863960,869035,876595,887068,894809,901787,911276,918117,922284,929307,938419,946310,953098,959177,963422,965873
Luxembourg,159438,161986,163980,165958,165958,165958,168988,170100,171452,172502,173419,173419,173419,174856,175408,176177,176736,177372,177372,177372,178507,179305,180376,181195,181903,181903,181903,183177
MS Zaandam,9,9,9,9,9,9,9,9,9,9,9,9,9,9,9,9,9,9,9,9,9,9,9,9,9,9,9,9
Madagascar,59319,59319,59319,59319,61434,61434,61434,61434,61434,61434,61434,62844,62844,62844,62844,62844,62844,62844,63433,63433,63433,63433,63433,63433,63433,63659,63659,63659
Malawi,84572,84632,84693,84738,84795,84813,84844,84876,84915,84936,84974,85009,85025,85033,85065,85106,85134,85179,85205,85219,85228,85238,85257,85276,85295,85314,85328,85339
Malaysia,2876324,2882060,2887780,2895014,2904131,2914220,2925254,2939198,2956332,2975422,2996361,3019163,3040235,3064575,3083683,3111514,3138215,3166023,3194848,3221680,3246779,3273958,3305157,3337227,3367871,3395170,3419636,3442736
Maldives,141060,143202,145036,146991,148580,150337,151913,153415,154511,155917,156903,158031,159061,160076,161113,162169,162974,163581,164229,165073,165729,166525,167496,168124,168631,169148,169632,170192
Mali,30101,30131,30148,30156,30156,30205,30215,30227,30236,30251,30257,30259,30265,30266,30286,30303,30321,30333,30338,30340,30346,30352,30355,30358,30365,30371,30378,30381
Malta,67966,68193,68433,68647,68842,69000,69175,69361,69533,69651,69794,69901,70017,70089,70211,70328,70437,70516,70588,70665,70739,70829,70908,71003,71083,71179,71235,71275
Marshall Islands,7,7,7,7,7,7,7,7,7,7,7,7,7,7,7,7,7,7,7,7,7,7,7,7,7,7,7,7
Mauritania,58298,58335,58381,58407,58443,58458,58490,58508,58527,58542,58557,58563,58569,58575,58577,58584,58593,58595,58604,58611,58616,58618,58621,58621,58626,58629,58632,58633
Mauritius,107293,108486,109142,110967,112844,114570,116315,118535,120696,122745,124962,127165,129445,131843,134870,138373,141434,144488,147373,149132,150175,153526,156462,159324,161746,163901,165663,167644
Mexico,4985689,4985689,5027870,5106048,5141291,5151525,5160767,5167110,5192008,5192008,5226269,5283852,5283852,5292706,5300537,5344840,5366405,5366405,5407711,5413425,5413425,5418257,5455237,5473489,5489127,5502586,5506105,5508629
Micronesia,1,1,1,1,1,1,1,1,1,1,1,1,1,1,1,1,1,1,1,1,1,1,1,1,1,1,1,1
Moldova,445046,449840,455095,460307,464234,467271,468782,471524,474548,477419,480289,482842,484516,485563,487283,488899,490751,492604,494219,495184,495415,496976,497946,499015,500144,500812,501312,501800
Monaco,8183,8183,8183,8703,8761,8770,8770,8880,8922,8956,8988,9020,9020,9020,9085,9111,9128,9162,9186,9188,9188,9267,9305,9331,9359,9359,9359,9359
Mongolia,846940,849668,853140,855079,858376,860116,860976,860976,863372,864564,875440,875440,875440,885554,888363,891267,893721,893721,893721,893721,899002,899706,903150,904231,905968,905968,905968,908157
Montenegro,220597,221214,221902,222434,222961,223462,223774,224368,224793,225253,225740,226142,226467,226692,227045,227473,227859,228182,228522,228771,228956,229222,229430,229630,229836,230011,230120,230207
Morocco,1135796,1138847,1141708,1143974,1146041,1147243,1147964,1149582,1151081,1152414,1153562,1154531,1155165,1155534,1156356,1157001,1157637,1158145,1158669,1158967,1159157,1159584,1159941,1160303,1160562,1160750,1160892,1160975
Mozambique,223949,224043,224143,224224,224309,224339,224347,224434,224494,224559,224603,224653,224703,224719,224767,224791,224815,224841,224882,224903,224920,224937,224983,224999,225018,225036,225038,225047
Namibia,155942,156044,156102,156187,156301,156371,156444,156482,156519,156563,156604,156765,156765,156810,156843,156872,156913,156936,156982,157010,157034,157034,157060,157106,157133,157193,157210,157225
Nauru,0,0,0,0,0,0,0,0,0,0,0,0,0,0,0,0,0,0,0,0,0,0,0,0,0,0,0,0
Nepal,957570,959775,962517,964119,965222,966405,967427,968611,970462,971475,972141,972632,973059,973541,974039,974493,974857,975132,975330,975559,975806,976105,976361,976512,976670,976771,976865,976984
Netherlands,4625059,4692276,4775341,4844456,4884766,4979757,5057486,5438101,5524817,5611778,5692528,5763010,5823241,5878310,5931934,5995894,6052397,6101775,6135447,6171918,6207958,6242693,6283336,6324585,6362177,6395100,6422501,6451397
New Zealand,16819,17007,17279,17548,17775,17990,18255,18505,18839,19315,19779,19779,21575,22330,23511,25052,26938,28754,31091,33321,36166,39349,45479,57503,71130,71130,86146,118822
Nicaragua,13681,13727,13727,13727,13727,13727,13727,13727,13792,13792,13792,13792,13792,13792,13792,13877,13877,13877,13877,13877,13877,13877,13958,13958,13958,13958,13958,13958
Niger,8655,8656,8656,8670,8682,8686,8691,8696,8700,8703,8707,8709,8711,8712,8724,8724,8728,8728,8734,8738,8743,8743,8746,8746,8746,8746,8751,8754
Nigeria,253340,253405,253405,253540,253685,253727,253780,253838,253875,253875,253923,253978,254016,254016,254124,254137,254137,254221,254243,254243,254293,254352,254352,254428,254428,254501,254525,254560
North Macedonia,270897,272437,274144,275637,277137,278182,278872,280594,282147,283547,284875,286096,287016,287481,288750,289797,290915,291820,292660,293328,293559,294407,295082,295712,296229,296703,297081,297262
Norway,804286,827585,849389,870245,883388,893560,911212,937321,962407,986855,1009926,1024379,1035753,1049811,1068686,1086614,1103956,1119204,1128763,1136409,1151288,1169037,1186422,1202017,1217306,1225866,1231766,1242160
Oman,341708,344043,346041,346041,346041,352187,354597,356900,359256,360999,360999,360999,365700,367679,369190,370620,372060,372060,372060,375688,376724,377948,378922,379618,379618,379618,381381,382244
Pakistan,1436413,1442263,1448663,1454800,1459773,1463111,1465910,1470161,1474075,1477573,1480592,1483798,1486361,1488958,1491423,1494293,1496693,1498676,1500320,1501680,1502641,1503873,1505328,1506450,1507657,1508504,1509360,1510221
Palau,1810,1940,2115,2352,2495,2556,2716,2843,2956,3045,3119,3133,3133,3256,3303,3303,3425,3463,3463,3463,3563,3627,3667,3696,3726,3726,3726,3781
Panama,705880,705880,717171,721479,721479,727413,727413,732207,735235,737659,739770,741651,742854,742854,745367,746695,747916,749135,749135,750760,750760,752173,752907,753694,754362,754905,755262,755498
Papua New Guinea,37270,37390,37390,37390,37390,37390,37788,37788,37983,38222,38222,38481,38481,38671,38671,39035,39580,39580,39580,39909,40296,40296,40621,40748,41038,41038,41038,41290
Paraguay,589318,594430,598170,598170,605005,607947,610207,612893,615911,618815,620708,620708,624475,626355,628574,630718,632444,633733,634780,634780,636520,637225,638153,639078,639078,639078,641321,641321
Peru,3239538,3286151,3308693,3331290,3349298,3363489,3372895,3384546,3397637,3411201,3424894,3435753,3445680,3449712,3456789,3466309,3474965,3481752,3490988,3496009,3497896,3500880,3503892,3506075,3508642,3512404,3516264,3517260
Philippines,3569665,3577298,3585461,3594002,3601471,3609568,3616387,3619633,3623176,3627575,3630637,3634368,3637280,3639942,3641940,3644597,3646793,3648925,3650748,3652203,3653526,3654284,3655709,3657342,3658892,3660020,3661049,3661997
Poland,4925270,4981321,5035796,5083332,5129080,5163780,5188184,5223507,5270363,5312450,5348224,5379551,5401615,5415088,5437343,5466198,5495432,5519411,5540302,5553989,5563446,5582217,5602680,5620946,5637646,5651596,5660493,5667054
Portugal,2718138,2771842,2829347,2882659,2932680,2976771,3009717,3027626,3060477,3096708,3126295,3152099,3172961,3189891,3198779,3218215,3239570,3257373,3274118,3289278,3299337,3305484,3319787,3339225,3351880,3363373,3373936,3381602
Qatar,340383,341628,342811,343808,344711,345623,346546,347365,348141,348924,349581,350188,350801,351402,351949,352447,352894,353346,353780,354222,354638,355032,355397,355740,356066,356363,356671,356982
Romania,2256543,2292345,2325016,2356792,2385713,2401821,2418779,2455048,2482394,2508860,2531597,2550348,2562315,2574384,2596269,2613716,2629090,2643614,2655933,2663630,2671314,2686089,2697566,2708315,2717289,2724480,2728727,2733484
Russia,11795059,11936064,12090707,12257664,12433643,12612259,12782791,12946888,13128679,13323972,13526183,13728138,13923951,14102736,14267875,14445698,14624423,14802439,14979363,15147762,15297628,15430540,15566425,15697674,15819594,15941241,16055851,16161596
Rwanda,128933,128971,129039,129084,129125,129141,129157,129177,129210,129234,129278,129295,129298,129311,129326,129337,129345,129359,129369,129372,129378,129419,129436,129468,129483,129485,129489,129502
Saint Kitts and Nevis,5446,5453,5467,5469,5475,5475,5484,5488,5492,5495,5497,5498,5499,5505,5508,5511,5511,5518,5523,5523,5523,5523,5524,5525,5526,5530,5530,5530
Saint Lucia,20942,21081,21399,21399,21513,21513,21535,21768,21831,21873,21932,21932,22048,22121,22177,22269,22426,22468,22468,22468,22545,22568,22594,22627,22649,22649,22667,22694
Saint Vincent and the Grenadines,7929,7939,7939,8035,8035,8035,8114,8134,8144,8144,8144,8144,8144,8246,8248,8248,8278,8278,8278,8278,8278,8297,8301,8303,8305,8305,8305,8309
Samoa,32,33,33,33,33,33,33,33,33,33,33,33,33,33,33,33,33,33,33,33,33,33,33,33,33,33,33,33
San Marino,12884,13085,13328,13328,13328,13328,13571,13572,13788,13852,13861,13861,13861,13988,14044,14086,14086,14147,14147,14147,14207,14207,14262,14291,14310,14310,14310,14369
Sao Tome and Principe,5899,5903,5907,5908,5911,5912,5912,5912,5913,5916,5919,5920,5920,5920,5920,5922,5922,5924,5925,5926,5930,5930,5932,5932,5933,5933,5934,5934
Saudi Arabia,691125,695217,699069,702624,705637,708897,712644,715974,719136,722002,724525,726251,728387,730614,732596,734389,735958,737334,738331,739344,740396,741237,741864,742541,743205,743742,744374,745027
Senegal,85038,85072,85117,85143,85178,85206,85237,85256,85282,85308,85346,85370,85412,85440,85454,85469,85495,85521,85545,85564,85588,85600,85619,85637,85651,85666,85676,85693
Serbia,1697012,1714863,1730486,1745005,1757741,1768343,1779782,1793554,1806086,1817207,1826787,1834974,1841010,1848040,1855174,1861413,1867836,1874134,1874134,1883113,1887596,1892187,1896575,1900293,1903494,1906142,1908272,1910975
Seychelles,37190,37194,37771,37771,37771,37771,38120,38124,38293,38293,38395,38395,38395,38659,38766,38829,38916,38916,38916,38916,39181,39181,39181,39251,39251,39251,39251,39336
Sierra Leone,7623,7625,7625,7627,7627,7628,7628,7637,7638,7648,7648,7652,7652,7652,7659,7661,7661,7661,7663,7663,7663,7663,7663,7665,7665,7665,7665,7665
Singapore,359075,362176,366473,379681,379681,390071,405629,418640,428954,439640,449570,460075,469495,478577,497997,514880,533425,551519,576355,582638,596261,622293,642605,661198,679795,696652,710880,724424
Slovakia,1593001,1617288,1639953,1660336,1686936,1705482,1718369,1743941,1765914,1794150,1818532,1841934,1858190,1870119,1891646,1920150,1943101,1964411,1985859,2000643,2010065,2025646,2052260,2071372,2083963,2102420,2112272,2119358
Slovenia,722648,745980,762840,774584,786957,794443,800012,811174,816299,828508,836088,843495,847777,851416,858670,863461,868142,871951,875747,878036,880073,882364,884830,887224,889202,891041,891950,892620
Solomon Islands,1486,2167,2357,2357,2790,2790,3319,3319,3795,4203,4302,4302,4489,4827,4910,5043,5565,5565,5684,5790,5891,5968,6348,6654,6654,6813,6937,7049
Somalia,26067,26067,26067,26067,26067,26067,26203,26203,26203,26203,26203,26203,26203,26203,26260,26260,26260,26260,26260,26260,26313,26313,26313,26313,26313,26313,26313,26313
South Africa,3608307,3612809,3616075,3616075,3622210,3623962,3625190,3626014,3631642,3634811,3637673,3640162,3641811,3642905,3645269,3648968,3652024,3654824,3657091,3658547,3659698,3662032,3665149,3667560,3669671,3671991,3673257,3674042
South Sudan,16810,16810,16820,16833,16833,16833,16856,16861,16873,16880,16880,16880,16880,16897,16900,16903,16903,16903,16903,16903,16936,16940,16946,16950,16955,16955,16955,16973
Spain,10039126,10125348,10199716,10199716,10199716,10199716,10395471,10439302,10502141,10555196,10604200,10604200,10604200,10672906,10707286,10744394,10778607,10809222,10809222,10809222,10858000,10880193,10914105,10949997,10977524,10977524,10977524,10977524
Sri Lanka,612322,613478,614659,615902,617189,618520,620732,621985,623248,624545,625804,626966,628116,629347,630599,631816,633051,634333,635606,636837,638043,639297,640578,641786,643072,644060,645037,646034
Sudan,58208,58623,58874,58874,58874,58874,59194,59294,59345,59455,59525,59631,59631,59903,59903,59939,59939,59939,59939,59939,61223,61251,61350,61376,61376,61376,61376,61458
Summer Olympics 2020,865,865,865,865,865,865,865,865,865,865,865,865,865,865,865,865,865,865,865,865,865,865,865,865,865,865,865,865
Suriname,73956,74470,74858,75252,75402,75531,75889,76239,76498,76703,76876,76975,77036,77203,77334,77450,77549,77634,77686,77716,77810,77880,77935,78016,78070,78092,78123,78216
Sweden,2183910,2223115,2259656,2287785,2287785,2287785,2287785,2354455,2372637,2389605,2397330,2397330,2397330,2397330,2409081,2414463,2418560,2422856,2422856,2422856,2422856,2431365,2434783,2437850,2441142,2441142,2441142,2441142
Switzerland,2253288,2294471,2331213,2364613,2364613,2364613,2433265,2460036,2489172,2515506,2537734,2537734,2537734,2586724,2607052,2628093,2628093,2664194,2664194,2664194,2696491,2711618,2730037,2747563,2765218,2765218,2765218,2801951
Syria,51483,51569,51656,51741,51826,51915,51915,52119,52243,52378,52504,52626,52751,52881,53011,53148,53278,53403,53527,53659,53784,53912,54040,54160,54275,54380,54480,54575
Taiwan*,18850,18903,18958,19029,19101,19144,19192,19239,19293,19376,19455,19515,19567,19621,19666,19732,19797,19864,19937,20007,20056,20100,20156,20236,20304,20373,20433,20489
Tajikistan,17716,17724,17729,17733,17733,17733,17745,17749,17753,17759,17765,17765,17765,17773,17780,17783,17783,17783,17783,17783,17786,17786,17786,17786,17786,17786,17786,17786
Tanzania,33230,33230,33230,33230,33230,33230,33230,33230,33436,33436,33436,33436,33436,33436,33549,33549,33549,33549,33549,33549,33549,33620,33620,33620,33620,33620,33620,33620
Thailand,2447964,2456551,2465723,2475632,2486122,2497001,2507471,2517869,2531051,2545873,2561115,2577445,2593327,2608227,2622600,2639062,2656411,2674477,2693362,2712315,2731198,2749561,2770793,2794350,2819282,2844897,2869616,2891927
Timor-Leste,20105,20136,20177,20240,20328,20403,20501,20748,20942,21158,21401,21556,21631,21748,21877,22047,22138,22261,22314,22358,22406,22485,22485,22584,22584,22649,22668,22693
Togo,36509,36538,36550,36550,36557,36593,36605,36612,36612,36620,36630,36634,36650,36660,36693,36704,36710,36710,36724,36738,36747,36755,36764,36777,36782,36798,36798,36798
Tonga,1,5,6,7,7,7,9,15,35,66,73,73,141,141,141,141,210,234,234,234,234,254,289,289,355,355,355,355
Trinidad and Tobago,112019,112679,113317,113898,114765,115270,115843,116769,117525,118263,119226,120003,120385,120895,121271,121271,122093,122717,123157,123721,124076,124488,125210,125864,126502,126934,127404,127767
Tunisia,917814,917814,930090,934712,940223,944175,945453,950575,954726,958549,961877,964957,967052,967052,968393,971460,974214,979612,979612,986336,987256,988329,990483,992574,994543,995713,997754,998230
Turkey,11722483,11833165,11940695,12051852,12150567,12238501,12335015,12446111,12554674,12653276,12748341,12834534,12908321,12984953,13079683,13173859,13266265,13353676,13434130,13504485,13589511,13675581,13762181,13841889,13913625,13975389,14025181,14089456
Tuvalu,0,0,0,0,0,0,0,0,0,0,0,0,0,0,0,0,0,0,0,0,0,0,0,0,0,0,0,0
US,75570659,75897756,76171380,76526119,76614539,76699561,77042151,77255967,77443119,77613484,77821654,77874448,77933644,78100844,78211227,78325034,78426302,78570189,78602347,78625889,78705534,78794717,78878763,78945291,79018933,79066775,79085308,79182072
Uganda,161929,162007,162049,162136,162203,162273,162375,162442,162510,162559,162639,162639,162696,162822,162869,162932,162932,162973,163004,163032,163116,163138,163152,163179,163231,163231,163250,163307
Ukraine,4287117,4323009,4363754,4408776,4452612,4481918,4506669,4542568,4582137,4625614,4668581,4708604,4735258,4753922,4785138,4818112,4853339,4890332,4923680,4943428,4959461,4986161,5012980,5040518,5052182,5057946,5062889,5066370
United Arab Emirates,847142,849305,851537,853651,855642,857657,859361,860976,862514,864102,865576,866971,868237,869428,870358,871315,872210,873092,873882,874607,875258,875884,876624,877406,878102,878746,879368,879973
United Kingdom,17543963,17631560,17727264,17809884,17870485,17924207,17988154,18054899,18122879,18287353,18346213,18392169,18433372,18475111,18521452,18575733,18628702,18676361,18715582,18746592,18785333,18826968,18867585,18906546,18938546,18938546,18938546,19021076
Uruguay,679878,690496,700511,710874,719948,726042,733010,741454,749554,758366,765960,772757,777490,782556,788676,795316,800833,808012,812367,815704,819379,823784,827814,831950,835346,838341,840511,842462
Uzbekistan,224023,225110,226036,226997,227909,228796,229628,230401,231179,231871,232496,233000,233439,233761,234063,234359,234600,234872,235063,235267,235427,235602,235740,235880,236036,236174,236299,236405
Vanuatu,7,7,7,7,7,7,7,7,7,7,7,7,7,7,7,7,7,7,11,11,15,15,15,18,18,18,18,18
Venezuela,485974,487775,491016,492678,494835,496283,496283,497977,499537,501586,501586,503162,504719,505947,506977,508042,508968,509947,510553,510553,511073,511772,512560,512947,513427,514315,514315,515124
Vietnam,2286750,2295494,2304095,2315689,2327859,2341971,2358786,2380695,2404651,2430683,2457170,2484481,2510860,2540273,2572087,2606824,2643024,2685463,2740293,2787493,2834373,2890522,2972378,3041506,3120301,3219177,3321005,3443485
West Bank and Gaza,535160,546176,556550,556550,556550,556550,578424,586355,594037,600128,600128,600128,600128,613846,618527,622175,625028,627956,627956,627956,633684,636055,638172,640214,640214,640214,640214,645947
Winter Olympics 2022,272,304,359,380,425,435,459,465,465,465,490,498,501,501,505,507,507,508,508,509,509,509,510,510,514,514,518,521
Yemen,11061,11113,11145,11145,11149,11166,11266,11553,11579,11604,11659,11664,11671,11679,11699,11707,11718,11731,11731,11736,11741,11746,11751,11751,11759,11760,11769,11771
Zambia,305557,305959,306347,306777,306777,307206,307317,307636,308050,308556,309013,309293,309502,309579,309870,310155,310474,310764,311016,311194,311264,311592,311888,312118,312374,312611,312707,312750
Zimbabwe,229851,230012,230170,230170,230402,230402,230402,230603,230740,231040,231214,231299,231381,231603,231603,232213,232598,233030,233224,233352,233571,233980,234589,234967,235467,235803,235803,236380
