Country_Region,2022/07/01,2022/07/02,2022/07/03,2022/07/04,2022/07/05,2022/07/06,2022/07/07,2022/07/08,2022/07/09,2022/07/10,2022/07/11,2022/07/12,2022/07/13,2022/07/14,2022/07/15,2022/07/16,2022/07/17,2022/07/18,2022/07/19,2022/07/20,2022/07/21,2022/07/22,2022/07/23,2022/07/24,2022/07/25,2022/07/26,2022/07/27,2022/07/28,2022/07/29,2022/07/30,2022/07/31
Afghanistan,182594,182643,182724,182793,182793,182979,183084,183221,183235,183265,183268,183272,183285,183358,183407,183445,183572,183687,183908,184038,184224,184360,184473,184587,184819,185086,185272,185393,185481,185552,185749
Albania,281470,282141,282690,282690,282690,283811,284758,285731,286732,287984,288176,289391,290954,290954,293917,295243,296305,296732,298578,300058,301394,302767,303925,304890,305123,306789,308050,309278,310362,311381,312097
Algeria,266105,266115,266128,266173,266173,266181,266202,266228,266246,266257,266274,266303,266328,266356,266392,266424,266445,266487,266542,266591,266654,266700,266772,266839,266916,267010,267096,267194,267287,267374,267454
Andorra,44177,44177,44177,44177,44177,44671,44671,44671,44671,44671,44671,44671,44671,44671,44671,44671,44671,45061,45061,45061,45326,45326,45326,45326,45326,45326,45326,45508,45508,45508,45508
Angola,101320,101320,101320,101320,101320,101320,101320,101320,101320,101320,101320,101320,101320,101600,101901,101901,101901,102209,102209,102209,102209,102301,102301,102301,102301,102301,102301,102301,102301,102301,102301
Antarctica,11,11,11,11,11,11,11,11,11,11,11,11,11,11,11,11,11,11,11,11,11,11,11,11,11,11,11,11,11,11,11
Antigua and Barbuda,8656,8665,8665,8665,8665,8668,8681,8686,8686,8686,8686,8686,8686,8704,8704,8712,8712,8712,8712,8712,8712,8736,8736,8736,8736,8741,8741,8741,8741,8773,8773
Argentina,9367172,9367172,9394326,9394326,9394326,9394326,9394326,9394326,9394326,9426171,9426171,9426171,9426171,9426171,9426171,9426171,9465827,9465827,9465827,9465827,9465827,9465827,9465827,9507562,9507562,9507562,9507562,9507562,9507562,9507562,9560307
Armenia,423243,423243,423243,423417,423417,423417,423417,423417,423417,423417,423771,423771,423771,423771,423771,423771,423771,424400,424400,424400,424400,424400,424400,424400,425365,425365,425365,425365,425365,425365,425365
Australia,8194909,8225124,8254847,8291399,8334802,8377932,8419675,8453587,8488317,8516847,8561571,8605986,8653081,8691850,8734573,8773487,8811274,8863247,8912149,8967138,9018965,9065275,9103321,9136110,9185736,9235196,9282271,9326441,9376483,9408329,9435839
Austria,4471152,4471152,4471152,4499570,4506979,4517003,4529939,4542028,4542028,4542028,4573219,4579384,4591009,4606092,4618853,4618853,4618853,4655677,4663725,4675532,4691948,4704616,4704616,4704616,4734005,4743620,4753092,4764902,4774043,4774043,4774043
Azerbaijan,793302,793335,793371,793388,793388,793388,793388,793388,793388,793388,793388,793388,793388,793388,793388,793388,793388,794656,794913,795190,795495,795832,796141,796474,796576,796882,797281,797638,798011,798404,798838
Bahamas,35975,35994,36029,36101,36114,36133,36133,36159,36245,36245,36287,36299,36299,36354,36354,36354,36435,36435,36454,36502,36533,36545,36568,36568,36604,36622,36633,36664,36670,36670,36724
Bahrain,627327,628743,630059,631562,633348,634927,636294,637542,638522,639455,640656,641978,643672,645399,646695,647935,649401,650625,651514,652527,653447,654221,654873,655649,656410,657047,657669,658238,658727,659224,659647
Bangladesh,1975682,1976787,1978689,1980974,1982972,1984700,1986490,1988101,1989040,1989854,1990375,1991031,1992058,1993382,1994433,1995440,1996340,1997412,1998291,1999395,2000279,2000899,2001345,2001775,2002323,2002944,2003570,2004188,2004543,2004892,2005257
Barbados,84562,84709,84830,84919,85121,85331,85488,85679,85881,86010,86154,86451,86691,87002,87219,87463,87584,87754,88154,88565,88965,89339,89654,89887,90080,90550,90934,91264,91593,91895,92086
Belarus,982867,982867,982867,982867,994037,994037,994037,994037,994037,994037,994037,994037,994037,994037,994037,994037,994037,994037,994037,994037,994037,994037,994037,994037,994037,994037,994037,994037,994037,994037,994037
Belgium,4246078,4246078,4246078,4265296,4265296,4265296,4294880,4294880,4294880,4294880,4320107,4320107,4320107,4349050,4349050,4349050,4349050,4368611,4368611,4381331,4381331,4381331,4381331,4381331,4398161,4398161,4398161,4414255,4414255,4414255,4414255
Belize,64138,64138,64138,64371,64581,64787,64948,64948,64948,64948,64948,65508,65508,65840,65994,65994,65994,66179,66317,66438,66546,66621,66621,66621,66767,66857,66857,66857,67111,67111,67111
Benin,27216,27216,27216,27216,27216,27216,27216,27216,27216,27216,27216,27216,27216,27216,27216,27216,27216,27216,27271,27271,27271,27271,27271,27271,27271,27271,27271,27271,27316,27316,27316
Bhutan,59729,59729,59729,59824,59824,59824,59824,59824,59824,59824,59940,59940,59940,59940,59940,59940,59940,60109,60109,60109,60109,60109,60109,60109,60368,60368,60368,60368,60368,60368,60368
Bolivia,928450,928450,929544,931955,931955,936702,939612,939612,942307,944286,948655,948655,956629,960779,960779,968212,969652,969652,974005,985630,991680,997615,1001213,1003400,1007919,1014252,1020678,1026692,1032023,1035593,1037500
Bosnia and Herzegovina,378797,378797,378797,379041,379132,379244,379408,379563,379563,379563,379817,379982,380211,380498,380749,380749,380749,381150,381543,381982,382382,382861,382861,382861,383415,383826,384390,384390,384976,384976,384976
Botswana,322769,322769,322769,322769,322769,323327,324154,324154,324154,324154,324154,324154,324154,324841,324841,324841,324841,324841,324841,324841,325181,325181,325181,325181,325181,325181,325181,325470,325470,325470,325470
Brazil,32434063,32471847,32490422,32535923,32610514,32687680,32759730,32830844,32874501,32896464,32940507,33004555,33076779,33142158,33250117,33290266,33301118,33339815,33397814,33454294,33505727,33555526,33555526,33591356,33621965,33659879,33704393,33748985,33790698,33813587,33833900
Brunei,164727,164727,164727,167669,168760,169848,171027,172280,172280,172280,176682,178267,179759,181256,182950,182950,182950,188219,189903,191774,193434,195113,195113,195113,200279,201857,203185,204384,205890,205890,205890
Bulgaria,1172777,1173091,1173274,1174216,1175082,1175725,1176567,1177572,1177933,1178189,1179497,1180636,1181657,1182764,1183877,1184429,1184846,1187138,1189000,1190644,1192284,1194061,1194883,1195372,1198359,1200550,1202494,1204264,1205966,1206688,1206688
Burkina Faso,21044,21044,21044,21044,21044,21044,21044,21044,21044,21044,21044,21044,21044,21044,21128,21128,21128,21128,21128,21128,21128,21128,21128,21128,21128,21128,21128,21128,21128,21128,21128
Burma,613628,613642,613648,613659,613672,613683,613695,613711,613727,613736,613751,613760,613773,613784,613798,613809,613816,613838,613855,613871,613887,613897,613940,613951,613966,613980,613991,614009,614043,614083,614092
Burundi,42698,42698,42698,42731,42794,42836,42836,42836,42836,42836,42963,43060,43060,43060,43222,43222,43222,43414,43593,43593,43850,43850,43850,43850,44437,44437,44437,44860,45308,45308,45308
Cabo Verde,60770,60940,61002,61105,61105,61264,61411,61517,61592,61623,61669,61669,61776,61776,61776,61913,61922,61922,61964,61994,62017,62017,62055,62072,62078,62095,62114,62114,62138,62149,62159
Cambodia,136282,136290,136296,136296,136301,136308,136314,136326,136343,136359,136362,136374,136390,136407,136421,136437,136455,136477,136499,136512,136532,136545,136565,136588,136612,136631,136631,136680,136706,136753,136789
Cameroon,120068,120068,120068,120068,120068,120068,120068,120068,120068,120068,120068,120068,120068,120068,120068,120068,120068,120068,120068,120068,120068,120068,120068,120068,120068,120215,120215,120215,120215,120215,120215
Canada,3963763,3967805,3968731,3969063,3975062,3976097,3984864,3988430,3989890,3990961,3991994,3995331,4000304,4018403,4024060,4026044,4026044,4026069,4036848,4040958,4051382,4059876,4061530,4062808,4064084,4071469,4074977,4084973,4090442,4091778,4092722
Central African Republic,14649,14649,14649,14649,14675,14675,14675,14675,14675,14675,14675,14712,14712,14712,14712,14712,14712,14712,14712,14712,14712,14712,14712,14712,14712,14712,14712,14764,14764,14764,14764
Chad,7425,7425,7425,7426,7426,7426,7426,7426,7426,7426,7427,7427,7427,7427,7427,7427,7427,7430,7430,7430,7430,7430,7430,7430,7432,7432,7432,7432,7432,7432,7432
Chile,4002538,4013903,4023697,4030267,4035379,4044611,4055693,4065878,4075533,4084308,4090523,4095096,4103590,4113288,4122401,4130232,4137152,4141778,4145452,4152475,4161478,4169554,4177517,4185247,4191347,4195780,4204824,4214769,4224361,4233549,4241546
China,2137169,2139919,2142216,2144566,2147330,2150503,2153986,2157433,2160884,2164305,2167619,2170811,2174317,2178366,2182488,2186813,2190992,2195056,2198945,2203789,2209013,2214254,2219264,2224482,2229362,2234541,2240160,2245156,2250565,2255689,2260777
Colombia,6175181,6175181,6175181,6175181,6175181,6175181,6198848,6198848,6198848,6198848,6198848,6198848,6198848,6223497,6223497,6223497,6223497,6223497,6223497,6223497,6247634,6247634,6247634,6247634,6247634,6247634,6247634,6265798,6265798,6265798,6265798
Comoros,8139,8139,8139,8161,8161,8161,8161,8161,8161,8161,8161,8209,8209,8209,8209,8209,8209,8209,8270,8270,8270,8270,8270,8270,8270,8301,8301,8306,8315,8315,8315
Congo (Brazzaville),24128,24128,24128,24128,24128,24128,24421,24421,24421,24421,24421,24421,24421,24421,24604,24604,24604,24604,24604,24604,24604,24604,24604,24604,24604,24604,24604,24604,24775,24775,24775
Congo (Kinshasa),91393,91393,91393,91393,91393,91393,91393,91393,91393,91393,91737,91737,91737,91737,91737,91737,91737,91737,91928,91928,91928,91928,91928,91928,91928,92173,92173,92173,92173,92173,92173
Costa Rica,904934,904934,904934,904934,904934,904934,904934,904934,904934,904934,904934,904934,904934,904934,904934,904934,904934,904934,904934,960340,960340,960340,989213,989213,989213,1028375,1028375,1028375,1028375,1028375,1028375
Cote d'Ivoire,83571,83637,83659,83679,83729,83823,83896,83979,84042,84079,84084,84165,84248,84347,84451,84501,84583,84616,84658,84742,84845,84889,84950,84982,84998,85055,85055,85055,85253,85306,85306
Croatia,1149575,1150653,1151466,1151523,1152335,1154129,1155583,1156932,1158420,1159177,1159241,1160253,1162061,1163824,1165478,1167132,1168111,1168191,1169342,1171581,1173374,1174865,1176519,1177595,1177692,1178958,1180857,1182836,1184303,1185799,1186739
Cuba,1106045,1106087,1106124,1106167,1106203,1106240,1106283,1106327,1106365,1106422,1106459,1106490,1106553,1106602,1106666,1106730,1106798,1106879,1106930,1107005,1107100,1107197,1107311,1107407,1107510,1107610,1107708,1107800,1107888,1107985,1108094
Cyprus,515596,515596,515596,515596,515596,515596,515596,530510,530510,530510,530510,530510,530510,530510,545896,545896,545896,545896,545896,545896,545896,556048,556048,556048,556048,556048,556048,556048,562911,562911,562911
Czechia,4202797,4203510,4203782,4205113,4206028,4206375,4207929,4210311,4210887,4211611,4213838,4214511,4219131,4221495,4224439,4225794,4226056,4229211,4233426,4237282,4241008,4244833,4244833,4246770,4247533,4256055,4260225,4263854,4264743,4269212,4269766
Denmark,3220185,3220185,3220185,3224120,3227021,3229795,3232467,3234881,3234881,3234881,3240466,3243423,3245928,3248426,3250368,3250368,3250368,3255936,3258821,3261046,3263162,3265047,3265047,3265047,3265047,3271537,3273346,3274920,3276295,3276295,3276295
Diamond Princess,712,712,712,712,712,712,712,712,712,712,712,712,712,712,712,712,712,712,712,712,712,712,712,712,712,712,712,712,712,712,712
Djibouti,15690,15690,15690,15690,15690,15690,15690,15690,15690,15690,15690,15690,15690,15690,15690,15690,15690,15690,15690,15690,15690,15690,15690,15690,15690,15690,15690,15690,15690,15690,15690
Dominica,14852,14852,14852,14852,14852,14852,14852,14852,14852,14852,14852,14852,14852,14852,14852,14852,14852,14852,14852,14852,14852,14852,14852,14852,14852,14852,14852,14852,14852,14852,14852
Dominican Republic,608176,608176,608176,611581,612548,613628,614707,616024,616024,616024,618873,619501,620237,621047,621047,621047,621047,622432,623105,624167,624167,625156,625156,625156,626611,626611,626611,627460,628213,628213,628213
Ecuador,909882,909882,909882,913798,915679,915679,915679,918479,918479,918479,922166,922398,927700,927700,927700,927700,927700,935211,936227,940179,946487,946487,946487,946487,955583,955583,955583,961345,961345,961345,961345
Egypt,515645,515645,515645,515645,515645,515645,515645,515645,515645,515645,515645,515645,515645,515645,515645,515645,515645,515645,515645,515645,515645,515645,515645,515645,515645,515645,515645,515645,515645,515645,515645
El Salvador,169646,169646,169646,169646,169646,169646,169646,180970,180970,180970,180970,180970,180970,180970,180970,180970,180970,180970,180970,180970,180970,180970,180970,180970,180970,180970,190818,190818,190818,190818,190818
Equatorial Guinea,16087,16087,16087,16114,16191,16191,16191,16383,16383,16383,16467,16504,16504,16504,16584,16584,16584,16621,16621,16654,16654,16654,16654,16654,16704,16704,16708,16708,16723,16723,16723
Eritrea,9801,9801,9801,9805,9810,9811,9811,9811,9824,9824,9827,9827,9844,9852,9852,9864,9878,9882,9892,9898,9907,9916,9928,9928,9944,9966,9980,9995,10014,10032,10045
Estonia,580114,580114,580114,580114,581560,581560,581560,581560,581560,581560,581560,585143,585143,585143,585143,585143,585143,585143,584373,584373,584373,584373,584373,584373,584373,586399,586399,586399,586399,586399,586399
Eswatini,73131,73133,73136,73148,73155,73177,73185,73205,73213,73215,73219,73227,73229,73230,73235,73242,73242,73243,73245,73247,73247,73250,73253,73256,73259,73267,73267,73273,73274,73279,73280
Ethiopia,489005,489255,489341,489502,489656,489846,490031,490182,490296,490370,490486,490557,490695,490816,490925,491031,491086,491086,491285,491409,491508,491642,491729,491759,491834,491917,491979,492046,492125,492194,492237
Fiji,65713,65713,65713,65889,65889,65889,66126,66126,66126,66126,66405,66405,66405,66713,66713,66713,66713,66975,66975,66975,67191,67191,67191,67191,67356,67356,67356,67549,67549,67549,67549
Finland,1145610,1145610,1145610,1145610,1145610,1145610,1158485,1158485,1158485,1158485,1158485,1158485,1158485,1171034,1171034,1171034,1171034,1171034,1171034,1171034,1171034,1171034,1171034,1171034,1171034,1171034,1171034,1171034,1171034,1171034,1171034
France,31410383,31410383,31410383,31653749,31861391,32016207,32177472,32318670,32318670,32318670,32570121,32753754,32881645,32881645,32881809,32881809,32881809,33239622,33375449,33465759,33546628,33621366,33621366,33621366,33751295,33840851,33899799,33951450,33997224,33997224,33997224
Gabon,47939,47939,47939,47939,47939,47939,47939,47939,48157,48157,48157,48157,48157,48157,48289,48289,48289,48289,48289,48289,48289,48289,48417,48417,48417,48417,48417,48511,48511,48511,48511
Gambia,12002,12002,12002,12002,12002,12009,12009,12009,12009,12009,12009,12009,12009,12009,12009,12009,12009,12009,12028,12028,12028,12028,12028,12028,12028,12078,12078,12078,12078,12078,12078
Georgia,1660429,1660429,1660429,1660429,1662299,1662299,1662299,1662299,1662299,1662299,1662299,1662299,1662299,1667453,1667453,1667453,1667453,1667453,1667453,1667453,1675265,1675265,1675265,1675265,1675265,1675265,1686218,1686218,1686218,1686218,1686218
Germany,28293960,28293960,28293960,28394995,28542484,28673212,28808614,28926346,28926346,28926346,29025760,29180489,29308100,29460249,29569943,29569943,29569943,29692989,29853680,29994679,30131303,30239122,30239122,30239122,30331133,30476605,30598385,30702511,30787309,30787309,30787309
Ghana,166133,166133,166397,166546,166546,166546,166816,166816,166816,166816,166816,167215,167215,167215,167215,167215,167215,167215,167215,167215,167215,167215,167215,167215,167215,167215,167215,168007,168007,168007,168007
Greece,3692371,3708210,3719839,3729199,3755074,3774377,3792674,3811622,3829836,3843142,3843142,3843142,3843142,3843142,3843142,3843142,3843142,3843142,4210771,4210771,4210771,4210771,4210771,4210771,4210771,4210771,4349423,4349423,4349423,4349423,4349423
Grenada,18376,18376,18376,18376,18475,18475,18475,18531,18531,18560,18560,18560,18592,18592,18640,18655,18655,18655,18694,18694,18720,18720,18720,18720,18720,18768,18768,18786,18786,18786,18786
Guatemala,915321,918797,920294,921146,922340,927473,933259,939300,944993,947472,948749,955370,963117,970621,977539,982808,984477,985245,991257,997980,1004311,1010612,1015257,1016666,1017542,1022891,1027805,1027805,1037751,1041274,1042376
Guinea,37123,37123,37123,37123,37123,37123,37358,37358,37358,37358,37358,37358,37358,37358,37358,37358,37358,37358,37358,37358,37358,37358,37358,37358,37358,37358,37358,37358,37408,37408,37408
Guinea-Bissau,8369,8369,8369,8369,8369,8391,8396,8400,8400,8400,8400,8400,8400,8400,8400,8400,8400,8400,8400,8400,8400,8400,8400,8400,8400,8412,8412,8412,8412,8412,8412
Guyana,67472,67591,67615,67657,67699,67843,67929,68020,68162,68194,68225,68409,68500,68627,68730,68867,68913,68972,69058,69172,69252,69332,69413,69447,69468,69547,69620,69676,69745,69792,69807
Haiti,31703,31767,31795,31843,31884,31908,31931,31980,31980,31980,31980,32103,32103,32131,32145,32155,32178,32197,32223,32223,32223,32223,32223,32263,32263,32272,32285,32296,32314,32361,32405
Holy See,29,29,29,29,29,29,29,29,29,29,29,29,29,29,29,29,29,29,29,29,29,29,29,29,29,29,29,29,29,29,29
Honduras,427718,427718,427718,427718,427718,427718,427718,429408,429408,429408,429848,430672,430672,430672,430672,430672,430672,432139,432139,434796,434796,436210,436210,436210,436210,436210,438050,438050,439901,439901,439901
Hungary,1928125,1928125,1928125,1928125,1928125,1932788,1932788,1932788,1932788,1932788,1932788,1932788,1940824,1940824,1940824,1940824,1940824,1940824,1940824,1951079,1951079,1951079,1951079,1951079,1951079,1951079,1965481,1965481,1965481,1965481,1965481
Iceland,195259,195259,195259,195259,196527,196527,196527,197707,197707,197707,197707,198721,198721,198721,199611,199611,199611,199611,200397,200397,200397,201082,201082,201082,201082,201648,201648,201648,202157,202157,202157
India,43486326,43502429,43518564,43531650,43547809,43566739,43585554,43604394,43622651,43639329,43652944,43669850,43689989,43710027,43730071,43750599,43767534,43783062,43801678,43824728,43847065,43868476,43888755,43905621,43920451,43938764,43959321,43979730,44000138,44019811,44036275
Indonesia,6090509,6092303,6093917,6095351,6097928,6100671,6103552,6106024,6108729,6111305,6112986,6116347,6120169,6123753,6127084,6131413,6134953,6138346,6143431,6149084,6154494,6159328,6164271,6168342,6172390,6178873,6185311,6191664,6197495,6202893,6207098
Iran,7238589,7238840,7239557,7240564,7241648,7242919,7244694,7246707,7247601,7249976,7251429,7255017,7260017,7265251,7270023,7272727,7278478,7284165,7289542,7296635,7304550,7312401,7319322,7328153,7337928,7348963,7359489,7368945,7376794,7381299,7391026
Iraq,2351614,2353900,2356264,2359755,2364453,2369272,2374046,2379077,2383094,2385477,2388414,2390684,2393726,2396707,2399795,2402311,2405186,2409641,2413472,2417719,2421716,2425731,2427884,2429833,2432786,2435440,2438101,2440414,2442499,2443772,2444798
Ireland,1600614,1600614,1600614,1600614,1600614,1614631,1614631,1614631,1614631,1614631,1614631,1614631,1628745,1628745,1628745,1628745,1628745,1628745,1628745,1639459,1639459,1639459,1639459,1639459,1639459,1639459,1644166,1644166,1644166,1644166,1644166
Israel,4360719,4368399,4377578,4391275,4404214,4415063,4425323,4435991,4442277,4449647,4462295,4472115,4482086,4489387,4498027,4498027,4508457,4518507,4525442,4531681,4537898,4543885,4547404,4551137,4557774,4563764,4567884,4571917,4576191,4578494,4582056
Italy,18610011,18695954,18768871,18805756,18938771,19048788,19157174,19259037,19357938,19439501,19523262,19667320,19778911,19887543,19985479,20076863,20145859,20177910,20299013,20385814,20467349,20539016,20608190,20660065,20684182,20772833,20837233,20898059,20952476,21002773,21040025
Jamaica,142912,143097,143240,143347,143408,143408,143476,143610,143865,143982,144092,144138,144213,144349,144489,144617,144767,144881,144932,144997,145157,145345,145497,145633,145738,145803,145803,145983,146114,146241,146372
Japan,9355427,9380327,9403613,9420398,9456631,9502425,9550392,9600360,9655344,9709429,9746584,9822578,9917058,10014835,10118147,10228794,10334366,10410516,10477208,10629729,10815963,11011053,11211985,11388477,11514977,11711379,11920979,12154082,12375380,12597610,12795382
Jordan,1699197,1699197,1700526,1700526,1700526,1700526,1700526,1700526,1700526,1700526,1700526,1702661,1702661,1702661,1702661,1702661,1702661,1705116,1705116,1705116,1705116,1705116,1705116,1705116,1709879,1709879,1709879,1709879,1709879,1709879,1709879
Kazakhstan,1396044,1396044,1396425,1396425,1396584,1397138,1397478,1397812,1398235,1398718,1399173,1399656,1400476,1401600,1402871,1404346,1407386,1407386,1411836,1410812,1413079,1415572,1418241,1422966,1422966,1427536,1427536,1433859,1433859,1433859,1439725
Kenya,333952,334249,334249,334551,334800,335092,335341,335569,335773,335861,335929,336053,336292,336445,336578,336690,336740,336798,336904,337005,337085,337161,337242,337297,337339,337389,337456,337500,337550,337599,337622
Kiribati,3236,3236,3236,3236,3236,3236,3236,3236,3236,3236,3236,3236,3236,3236,3236,3236,3236,3236,3236,3236,3348,3348,3348,3430,3430,3430,3430,3430,3430,3430,3430
"Korea, North",1,1,1,1,1,1,1,1,1,1,1,1,1,1,1,1,1,1,1,1,1,1,1,1,1,1,1,1,1,1,1
"Korea, South",18379552,18389611,18395864,18413997,18433359,18451862,18471172,18491435,18511845,18524538,18561861,18602109,18641278,18680142,18721415,18761757,18788056,18861593,18937971,19009080,19077659,19146180,19211613,19247496,19346764,19446946,19535242,19620517,19702461,19776050,19820739
Kosovo,229366,229571,229571,229841,230054,230395,230653,231060,231060,231742,231852,232027,232790,233661,234880,235964,236816,237431,238273,240066,241506,242896,244297,245275,245857,247044,248897,250500,251980,253312,254230
Kuwait,644451,644451,644451,644451,646098,646098,646098,646098,646098,648216,648216,648216,648216,648216,648216,648216,648216,648216,648216,648216,648216,652541,653020,653020,653020,653730,653730,653730,653730,653730,653730
Kyrgyzstan,201053,201053,201053,201101,201101,201101,201101,201131,201131,201131,201215,201243,201282,201329,201414,201414,201414,201704,201704,201704,201704,201704,201704,201704,201832,202685,202685,202685,202685,202685,202685
Laos,210297,210306,210307,210313,210324,210331,210341,210348,210348,210366,210375,210386,210401,210433,210462,210510,210528,210546,210592,210638,210676,210719,210766,210789,210815,210877,210963,211052,211135,211192,211239
Latvia,836259,836259,836259,837182,837872,838557,839251,839846,839846,839846,841132,842127,843035,844142,844980,844980,844980,846530,847709,849802,851433,852683,852683,852683,855249,856617,858728,860303,861724,861724,861724
Lebanon,1113519,1114814,1115719,1116798,1117540,1119461,1121054,1121054,1121054,1125720,1125720,1126411,1126411,1129660,1135565,1138458,1140794,1142644,1144149,1147581,1150424,1153070,1155660,1157682,1159629,1161100,1164395,1167040,1169584,1172269,1173871
Lesotho,33938,33938,33938,33938,33938,33938,33938,33938,33938,33938,34040,34040,34040,34040,34040,34040,34040,34040,34040,34040,34040,34040,34040,34040,34040,34040,34040,34040,34040,34040,34040
Liberia,7497,7497,7497,7497,7500,7500,7500,7500,7500,7500,7502,7502,7502,7504,7504,7504,7504,7504,7505,7505,7508,7508,7508,7508,7508,7508,7508,7508,7538,7538,7538
Libya,502138,502138,502138,502189,502189,502189,502189,502189,502189,502189,502189,502289,502289,502289,502289,502289,502289,502642,502642,502642,502642,502642,502642,502642,503611,503611,503611,503611,503611,503611,503611
Liechtenstein,17935,17935,17935,17935,18032,18051,18077,18141,18141,18141,18141,18226,18257,18299,18335,18335,18335,18335,18425,18452,18468,18478,18478,18478,18571,18609,18642,18653,18678,18678,18678
Lithuania,1161568,1162060,1162126,1162184,1162831,1163443,1163529,1164273,1164952,1165053,1165105,1166108,1166944,1167750,1168585,1169489,1169600,1169673,1171034,1172186,1173330,1174481,1175704,1175891,1175998,1177827,1179372,1180648,1181995,1183300,1183422
Luxembourg,264571,264571,264571,265323,266904,267707,269086,270130,270130,270130,271049,272520,273401,274677,275512,275512,275512,276134,277350,277888,278975,279517,279517,279517,280088,280929,281271,281839,282252,282252,282252
MS Zaandam,9,9,9,9,9,9,9,9,9,9,9,9,9,9,9,9,9,9,9,9,9,9,9,9,9,9,9,9,9,9,9
Madagascar,65381,65381,65787,65787,65787,65787,65787,65787,65787,66098,66098,66098,66098,66098,66098,66098,66289,66289,66289,66289,66289,66289,66289,66416,66416,66416,66416,66416,66416,66416,66491
Malawi,86534,86565,86576,86600,86626,86645,86658,86706,86706,86741,86750,86799,86823,86823,86900,86900,86931,86968,86968,87105,87156,87156,87156,87238,87250,87286,87323,87365,87395,87410,87410
Malaysia,4568828,4571355,4573891,4575809,4578741,4582302,4586322,4589911,4592710,4595974,4598391,4600736,4604670,4608768,4613998,4619045,4622981,4626061,4629963,4635648,4640235,4644115,4648931,4651651,4654951,4659710,4664213,4668139,4672999,4677270,4680053
Maldives,181586,181586,181586,182720,182720,182720,182720,182720,182720,182720,183491,183491,183491,183491,183491,183491,183491,183908,183908,183908,183908,183908,183908,183908,184302,184302,184302,184302,184302,184302,184302
Mali,31169,31171,31171,31176,31176,31181,31182,31184,31186,31187,31189,31192,31195,31196,31196,31198,31200,31203,31203,31205,31208,31208,31212,31216,31216,31217,31217,31221,31222,31222,31228
Malta,103836,104419,104919,105407,106068,106682,107306,107812,108283,108688,109043,109493,109911,110191,110501,110743,110967,111149,111410,111629,111833,111983,112089,112217,112295,112436,112533,112631,112719,112770,112828
Marshall Islands,18,26,26,32,32,32,45,45,47,47,47,47,47,49,49,49,49,49,49,58,59,59,59,59,59,59,59,59,59,64,64
Mauritania,59970,60127,60252,60368,60489,60685,60864,61024,61024,61234,61296,61403,61543,61640,61763,61865,61921,61970,62032,62108,62185,62233,62280,62313,62350,62402,62457,62501,62540,62556,62572
Mauritius,231036,231036,231036,231036,231036,231036,231036,231036,231036,231036,233082,233082,233082,233082,233082,233082,233082,236651,236651,236651,236651,236651,236651,236651,241165,241165,241165,244850,244850,244850,244850
Mexico,6058689,6058689,6089600,6093835,6121808,6152924,6185219,6185219,6249983,6259325,6265311,6301645,6338991,6373876,6408443,6439616,6448477,6448477,6488358,6523019,6556679,6588854,6617393,6624310,6628541,6628541,6686954,6686954,6711847,6711847,6711847
Micronesia,38,38,38,38,38,38,38,38,38,38,38,38,38,38,38,38,38,38,38,82,82,158,158,1012,1261,2072,2769,3526,4321,4321,4321
Moldova,520321,520321,520321,520321,520321,521182,521182,521182,521182,521182,521182,521182,523034,523034,523034,523034,523034,523034,523034,526394,526394,526394,526394,526394,526394,532187,532187,532187,532187,532187,532187
Monaco,13047,13100,13100,13100,13197,13267,13358,13414,13480,13480,13480,13576,13645,13696,13739,13739,13739,13779,13845,13887,13914,13964,13964,13964,13964,13995,14014,14037,14059,14059,14059
Mongolia,928878,928981,928981,928981,928981,929311,929543,929653,929653,929653,929653,929653,930327,930418,930677,930677,930677,930677,932058,933241,934357,934357,934357,934357,937971,937971,939010,942186,943690,943690,943690
Montenegro,240472,240743,241003,241190,241623,241850,242333,242705,243076,243476,243768,244337,244903,245369,245896,246589,247179,247609,248535,249304,250173,251066,252016,252727,253365,254578,255580,256524,257546,258533,259349
Morocco,1220279,1223585,1225305,1226246,1230095,1233138,1235920,1238371,1240847,1241967,1242241,1242828,1244892,1246835,1248856,1250510,1251297,1251766,1253341,1254550,1255681,1256523,1257320,1257764,1258018,1258761,1259420,1259974,1260405,1260759,1260978
Mozambique,228022,228130,228183,228226,228317,228404,228479,228562,228639,228677,228679,228769,228840,228887,228972,229020,229038,229077,229117,229160,229252,229285,229351,229375,229387,229411,229443,229483,229524,229564,229580
Namibia,169203,169203,169230,169247,169253,169253,169253,169253,169253,169253,169253,169253,169253,169253,169253,169253,169253,169253,169253,169253,169253,169253,169253,169253,169253,169253,169253,169253,169253,169253,169253
Nauru,3394,3571,3970,4120,4335,4335,4335,4335,4335,4335,4335,4335,4335,4335,4335,4335,4335,4381,4395,4395,4402,4402,4402,4402,4402,4405,4407,4407,4407,4407,4407
Nepal,979729,979762,979801,979835,979908,979998,980058,980141,980213,980317,980446,980590,980767,980981,981142,981294,981408,981794,982062,982402,982719,983103,983319,983622,984075,984475,984893,985417,985808,986100,986596
Netherlands,8296406,8296406,8296406,8310449,8317175,8323722,8331055,8338213,8338213,8338213,8353626,8361159,8367997,8375065,8381920,8381920,8381920,8395102,8400164,8404838,8409332,8413961,8413961,8413961,8424253,8428731,8433004,8436688,8439920,8439920,8439920
New Zealand,1358477,1363651,1370527,1380329,1380345,1408886,1418459,1427995,1435741,1444417,1456269,1468096,1479795,1490599,1500129,1506614,1514588,1525350,1536046,1546382,1555462,1563537,1569386,1576678,1576678,1576723,1576811,1611478,1617974,1622430,1628005
Nicaragua,14690,14690,14690,14690,14690,14721,14721,14721,14721,14721,14721,14721,14751,14751,14751,14751,14751,14751,14751,14777,14777,14777,14777,14777,14777,14777,14807,14807,14807,14807,14807
Niger,9031,9031,9031,9031,9031,9031,9031,9031,9031,9031,9096,9096,9096,9096,9096,9096,9096,9096,9104,9104,9104,9104,9104,9104,9104,9104,9104,9104,9104,9104,9104
Nigeria,257290,257637,257637,257637,257637,257637,257637,257637,258517,258517,258517,258874,258874,258934,258934,259007,259007,259007,259485,259485,259720,259720,260339,260339,260339,260764,260764,260977,260977,260977,260977
North Macedonia,314211,314211,314211,314501,314794,315060,315402,315699,315699,315699,316219,316729,317140,317634,318138,318138,318138,319037,319806,320598,321386,322165,322165,322165,323425,324382,325279,326154,327009,327009,327009
Norway,1447885,1448116,1448228,1448679,1449207,1449639,1450111,1450491,1450634,1450730,1451104,1451515,1451854,1452176,1452521,1452668,1452755,1453071,1453430,1453714,1453985,1454266,1454365,1454423,1454675,1454931,1455162,1455414,1455608,1455732,1455796
Oman,390244,390244,390244,390244,391641,391641,391641,391641,391641,391641,391641,391641,391641,391641,391641,391641,391641,393002,393002,393002,393002,393002,393002,393002,393002,393002,395737,395737,395737,395737,395737
Pakistan,1536479,1537947,1538622,1539275,1539275,1540952,1541645,1542377,1542377,1543250,1543505,1543741,1544131,1544910,1545647,1546252,1546744,1547203,1547795,1548394,1549073,1549766,1550298,1550880,1551251,1551871,1551871,1553325,1553325,1553325,1554591
Palau,5237,5237,5237,5237,5269,5269,5269,5269,5269,5269,5269,5308,5308,5308,5308,5308,5308,5308,5308,5308,5308,5308,5308,5308,5308,5308,5308,5308,5308,5308,5308
Panama,922990,922990,925254,925254,925254,925254,925254,932710,932710,932710,932710,938791,938791,938791,938791,938791,938791,942083,942083,942083,942083,942083,942083,942083,942083,948473,948473,948473,948473,948473,948473
Papua New Guinea,44725,44725,44725,44728,44732,44739,44739,44745,44745,44745,44751,44752,44752,44758,44761,44761,44761,44761,44761,44765,44768,44772,44772,44772,44772,44772,44776,44776,44784,44784,44784
Paraguay,655532,655532,660841,660841,660841,660841,660841,660841,660841,673829,673829,673829,673829,673829,688820,688820,688820,688820,688820,688820,688820,688820,701060,701060,701060,701060,701060,701060,707109,707109,707109
Peru,3629796,3634918,3637529,3640061,3644199,3650203,3656309,3662685,3669043,3675152,3683213,3691213,3703751,3703751,3729879,3740861,3740861,3761445,3773733,3787887,3801893,3816804,3829775,3839099,3845093,3859279,3873702,3889029,3889029,3895496,3909870
Philippines,3705649,3706951,3708271,3709386,3710145,3711268,3713131,3714770,3716522,3718467,3720054,3721413,3723014,3725382,3727970,3730545,3733101,3735383,3737222,3739160,3741987,3745375,3748979,3752534,3755403,3757762,3760488,3764346,3768474,3772468,3776627
Poland,6015634,6016249,6016407,6016526,6017601,6018565,6019633,6020679,6021943,6022227,6022454,6024488,6026134,6027974,6029947,6032078,6032475,6032794,6036042,6038893,6041891,6044923,6048411,6049052,6049640,6054743,6058462,6061946,6065332,6069016,6069665
Portugal,5171236,5171236,5171236,5171236,5214701,5225205,5234600,5242121,5242121,5242121,5257536,5266454,5273845,5273845,5273845,5273845,5273845,5294315,5301289,5307141,5312553,5317004,5317004,5317004,5323725,5329332,5333656,5337121,5340612,5340612,5340612
Qatar,383292,383807,383807,385163,385830,386528,387208,387845,388381,388849,389415,390055,390918,391945,392916,393834,395051,396344,397446,398558,399553,400520,401322,402330,403444,404408,405312,406225,406987,407749,408656
Romania,2919461,2919461,2919461,2927187,2927187,2927187,2927187,2927187,2927187,2927187,2942130,2946174,2949951,2953944,2958051,2961769,2963934,2967222,2974880,2981659,2988788,2996178,3002662,3006756,3011711,3024064,3033866,3043205,3052036,3059568,3063647
Russia,18164348,18167603,18170656,18173480,18176132,18179254,18182578,18185995,18189499,18192863,18195924,18198890,18202785,18206982,18211383,18216026,18220633,18225102,18229239,18234870,18241184,18247770,18254644,18262088,18268570,18274674,18283628,18295035,18306326,18318445,18330786
Rwanda,131084,131154,131233,131270,131347,131420,131490,131566,131630,131668,131691,131734,131766,131808,131832,131857,131880,131906,131944,131950,131970,132028,132044,132057,132121,132171,132198,132211,132236,132236,132239
Saint Kitts and Nevis,6102,6157,6157,6157,6193,6228,6254,6266,6293,6293,6308,6332,6332,6355,6367,6367,6377,6383,6399,6399,6413,6422,6422,6422,6430,6435,6442,6453,6453,6453,6462
Saint Lucia,27049,27094,27094,27094,27133,27133,27204,27252,27252,27252,27337,27337,27408,27408,27464,27464,27464,27464,27533,27533,27559,27654,27654,27654,27755,27755,27755,27843,27843,27966,27966
Saint Vincent and the Grenadines,9058,9058,9058,9058,9060,9075,9076,9083,9083,9083,9083,9127,9162,9183,9183,9183,9183,9183,9240,9240,9267,9282,9282,9282,9282,9321,9330,9330,9354,9354,9354
Samoa,14964,14964,14964,14995,14995,14996,15052,15052,15052,15052,15115,15134,15134,15134,15155,15155,15178,15178,15183,15183,15243,15243,15243,15318,15318,15318,15374,15374,15374,15374,15405
San Marino,18092,18092,18092,18236,18361,18361,18361,18361,18710,18710,18734,18886,18977,18977,19132,19200,19200,19253,19353,19421,19474,19532,19532,19532,19619,19701,19752,19752,19793,19793,19793
Sao Tome and Principe,6043,6043,6043,6064,6064,6064,6064,6064,6064,6064,6064,6079,6079,6079,6079,6079,6079,6087,6087,6087,6087,6087,6087,6087,6087,6100,6100,6100,6100,6100,6100
Saudi Arabia,795811,796268,796771,797374,797940,798474,798977,799435,799788,800087,800462,800869,801349,801935,802586,803158,803764,804570,805277,805879,806401,806877,807215,807591,808053,808419,808742,809026,809274,809449,809672
Senegal,86335,86348,86363,86382,86399,86411,86434,86455,86481,86504,86504,86526,86594,86631,86679,86744,86791,86791,86854,86891,86938,86986,86986,87071,87118,87148,87194,87237,87295,87342,87386
Serbia,2030363,2031171,2031920,2033180,2034544,2035878,2037347,2038946,2040227,2041175,2043051,2045101,2047170,2049388,2052116,2054636,2056691,2059982,2063894,2067840,2072089,2076589,2080389,2083861,2088966,2095066,2101168,2107150,2113101,2118673,2123025
Seychelles,44847,44847,44847,44847,44932,45000,45000,45000,45000,45000,45000,45076,45076,45185,45185,45185,45185,45233,45269,45269,45269,45269,45269,45269,45429,45429,45429,45429,45429,45429,45429
Sierra Leone,7697,7702,7702,7704,7704,7707,7713,7716,7718,7718,7718,7718,7718,7718,7721,7722,7722,7722,7725,7725,7725,7725,7728,7729,7729,7729,7731,7732,7732,7733,7734
Singapore,1453155,1461107,1467234,1473180,1485964,1495953,1505938,1515222,1523881,1530304,1534799,1540778,1557648,1569420,1579946,1589099,1596046,1602273,1616067,1626360,1636109,1645092,1652981,1659156,1664707,1677126,1685889,1694454,1702392,1708950,1714056
Slovakia,2551116,2551116,2551116,2551116,2551116,2554112,2555080,2556052,2557202,2557640,2557839,2559088,2560261,2561338,2562431,2563799,2564393,2564633,2566215,2567776,2569210,2570582,2571985,2572792,2573084,2574932,2576509,2577417,2578855,2580451,2581047
Slovenia,1039632,1039632,1039632,1041426,1043268,1044765,1046425,1047765,1049215,1049710,1050175,1052574,1054441,1056201,1057817,1059682,1060248,1060808,1063613,1065473,1067317,1068962,1070874,1071573,1072182,1075196,1077189,1079192,1080710,1082492,1083067
Solomon Islands,21544,21544,21544,21544,21544,21544,21544,21544,21544,21544,21544,21544,21544,21544,21544,21544,21544,21544,21544,21544,21544,21544,21544,21544,21544,21544,21544,21544,21544,21544,21544
Somalia,26803,26803,26803,26803,26803,26803,26803,26865,26865,26865,26900,26900,26900,26900,26900,26900,26900,26912,26912,26912,26912,26912,26912,26912,26957,26957,26957,26957,26957,26957,26957
South Africa,3993843,3994223,3995291,3995291,3995784,3995784,3996904,3997269,3997269,3997269,3997975,3997975,3998466,3998466,3998466,3999751,3999751,3999751,4000894,4001444,4001816,4002133,4002133,4002133,4002981,4002981,4002981,4004201,4004555,4004555,4005124
South Sudan,17722,17722,17722,17722,17733,17733,17733,17733,17733,17733,17733,17733,17733,17733,17733,17733,17733,17733,17733,17733,17733,17733,17733,17733,17733,17733,17733,17733,17733,17733,17733
Spain,12818184,12818184,12818184,12818184,12890002,12890002,12890002,12973615,12973615,12973615,12973615,13032841,13032841,13032841,13090476,13090476,13090476,13090476,13132159,13132159,13132159,13204863,13204863,13204863,13204863,13203228,13203228,13203228,13226579,13226579,13226579
Sri Lanka,664138,664150,664167,664181,664194,664197,664217,664235,664256,664273,664292,664315,664345,664364,664389,664414,664448,664510,664572,664647,664704,664772,664844,664900,664975,665094,665094,665379,665543,665626,665739
Sudan,62624,62624,62624,62696,62704,62704,62745,62745,62745,62745,62745,62795,62795,62795,62795,62795,62795,62872,62874,62914,62914,62914,62914,62914,62914,63006,63006,63006,63006,63006,63006
Summer Olympics 2020,865,865,865,865,865,865,865,865,865,865,865,865,865,865,865,865,865,865,865,865,865,865,865,865,865,865,865,865,865,865,865
Suriname,80864,80864,80864,80864,80890,80890,80890,80890,80890,80890,80890,80919,80919,80919,80919,80919,80919,80919,80949,80949,80949,80949,80949,80949,80949,80966,80966,80966,80966,80966,80966
Sweden,2519199,2519199,2519199,2519199,2519199,2519199,2523404,2523404,2523404,2523404,2523404,2523404,2523404,2528166,2528166,2528166,2528166,2528166,2528166,2528166,2533978,2533978,2533978,2533978,2533978,2533978,2533978,2539715,2539715,2539715,2539715
Switzerland,3759730,3759730,3759730,3759730,3805774,3805774,3805774,3805774,3805774,3805774,3805774,3861756,3861756,3861756,3861756,3861756,3861756,3861756,3911515,3911515,3911515,3911515,3911515,3911515,3911515,3949259,3949259,3949259,3949259,3949259,3949259
Syria,55929,55929,55929,55934,55937,55940,55945,55949,55949,55949,55955,55957,55960,55966,55973,55973,55973,56005,56022,56027,56044,56067,56067,56067,56156,56188,56214,56269,56275,56275,56275
Taiwan*,3803049,3837856,3870528,3893643,3929627,3964188,3995621,4026067,4054189,4082028,4101156,4132429,4162290,4189929,4215200,4240466,4264788,4282777,4309904,4337076,4362227,4386289,4408857,4430583,4447707,4472755,4498416,4522365,4545636,4567122,4588185
Tajikistan,17786,17786,17786,17786,17786,17786,17786,17786,17786,17786,17786,17786,17786,17786,17786,17786,17786,17786,17786,17786,17786,17786,17786,17786,17786,17786,17786,17786,17786,17786,17786
Tanzania,35768,35768,35768,35768,35768,35768,35768,35768,35768,35768,36174,36174,36174,37510,37510,37510,37510,37510,37510,37510,37510,37510,37510,37510,37510,37510,37510,37510,37510,37510,37510
Thailand,4525269,4527777,4530105,4532100,4534017,4536445,4538811,4540955,4543039,4545043,4548533,4550924,4553181,4554976,4554976,4559029,4560843,4562968,4565854,4565854,4570885,4573463,4575853,4577593,4577593,4582168,4584070,4586550,4588512,4590176,4592284
Timor-Leste,22958,22958,22958,22959,22961,22964,22965,22969,22969,22969,22972,22972,22974,22975,22976,22976,22976,22978,22980,22984,22984,22985,22985,22985,22986,22991,22991,22996,22999,22999,22999
Togo,37448,37448,37468,37482,37493,37514,37540,37554,37554,37608,37624,37636,37671,37718,37745,37776,37798,37821,37850,37850,37909,37909,37929,37965,37973,37998,37998,37998,38064,38064,38084
Tonga,12301,12301,12301,12301,12301,12301,12301,12382,12382,12382,12382,12382,12382,12382,12382,12382,12439,12439,12439,12439,12493,12493,12515,12515,12515,12539,12539,12539,12554,12554,12554
Trinidad and Tobago,167300,167440,167495,167495,167585,167780,167896,167896,168156,168237,168322,168427,168617,168808,169028,169137,169180,169227,169428,169581,169805,169930,170063,170063,170100,170459,170710,170710,171172,171334,171510
Tunisia,1052180,1052180,1052180,1052180,1052180,1066127,1066127,1066127,1066127,1066127,1066127,1087030,1087030,1087030,1087030,1087030,1087030,1087030,1114370,1114370,1114370,1114370,1114370,1114370,1114370,1128693,1128693,1128693,1128693,1128693,1128693
Turkey,15123331,15123331,15123331,15180444,15180444,15180444,15180444,15180444,15180444,15180444,15180444,15180444,15297539,15297539,15297539,15297539,15297539,15297539,15297539,15524071,15524071,15524071,15524071,15524071,15524071,15524071,15524071,15524071,15889495,15889495,15889495
Tuvalu,3,3,3,3,3,3,3,8,8,8,8,8,8,8,8,8,8,8,8,8,8,8,8,8,8,8,8,8,8,8,8
US,87832335,87852914,87861573,87938030,88079445,88279848,88418909,88556616,88585917,88610685,88811559,88959760,89164076,89339527,89492720,89532172,89562008,89726854,89844049,90060452,90236212,90367616,90394217,90417708,90607567,90739662,90979439,91156816,91316052,91332279,91345500
Uganda,167806,167876,167935,167979,167979,168009,168169,168227,168291,168360,168394,168440,168497,168569,168629,168724,168763,168776,168802,168845,168887,168887,168919,168978,169015,169124,169162,169189,169230,169230,169230
Ukraine,5287065,5287095,5287122,5288270,5288294,5288322,5288357,5288404,5288439,5288473,5288509,5288545,5288579,5288620,5289732,5289787,5289844,5289923,5289986,5290040,5290117,5291621,5291700,5291779,5291868,5291947,5292020,5292128,5294357,5294486,5294643
United Arab Emirates,947588,949384,951196,952960,954692,956382,958070,959736,961345,962937,964521,966075,967597,969097,970586,972007,973416,974802,976180,977578,978966,980325,981657,982969,984267,985524,986747,988004,989220,990400,991564
United Kingdom,22941360,22941360,22941362,22941382,22942394,23086282,23086445,23088053,23088054,23088054,23088074,23088446,23280870,23280957,23282710,23282710,23282710,23282749,23282749,23421538,23421578,23422747,23422755,23422755,23422755,23422960,23515421,23515421,23515883,23515892,23515892
Uruguay,957629,957629,957629,957629,962251,962251,962251,962251,962251,962251,965370,965370,965370,965370,965370,965370,965370,965370,967808,967808,967808,967808,967808,967808,967808,969803,969803,969803,969803,969803,969803
Uzbekistan,240856,240945,241040,241122,241196,241283,241377,241468,241566,241655,241738,241814,241882,241953,242043,242140,242140,242305,242366,242437,242502,242570,242632,242691,242747,242811,242879,242944,243002,243051,243093
Vanuatu,11273,11273,11353,11389,11447,11470,11569,11569,11617,11617,11642,11690,11697,11700,11722,11722,11722,11730,11730,11730,11730,11723,11723,11723,11723,11723,11723,11730,11724,11724,11724
Venezuela,526454,526688,526688,527074,527074,527241,527347,527789,527964,528292,528429,528566,528785,528994,529384,529730,530402,530649,530649,531094,531657,531963,531963,532902,533195,533195,533379,534451,534906,535277,535836
Vietnam,10747397,10748127,10748639,10749324,10750313,10751227,10752140,10752942,10754348,10754813,10755381,10756254,10757257,10758189,10759145,10759850,10760595,10761435,10762532,10763694,10764986,10766128,10767200,10767948,10768844,10770304,10772980,10774679,10776484,10778154,10779632
West Bank and Gaza,659853,659853,659853,662490,662490,662490,662490,662490,662490,662490,662490,662588,662588,662588,662588,662588,662588,669542,672039,672039,672039,672039,672039,672039,672039,682096,682096,682096,682096,682096,682096
Winter Olympics 2022,535,535,535,535,535,535,535,535,535,535,535,535,535,535,535,535,535,535,535,535,535,535,535,535,535,535,535,535,535,535,535
Yemen,11824,11824,11824,11832,11832,11832,11832,11832,11832,11832,11832,11832,11832,11832,11832,11848,11848,11848,11849,11849,11849,11849,11849,11849,11849,11849,11849,11849,11849,11877,11877
Zambia,325857,325857,326259,326259,326259,326408,326651,326794,326794,327052,327102,327102,327102,327102,327994,327994,327994,327994,328550,328550,328550,328550,328550,328550,329483,329483,329483,329483,329483,329483,329483
Zimbabwe,255586,255586,255586,255726,255755,255805,255805,255891,255924,255939,255953,255981,255981,256047,256083,256083,256083,256083,256187,256187,256217,256217,256246,256254,256270,256284,256315,256336,256376,256376,256378
