Country_Region,2022/06/01,2022/06/02,2022/06/03,2022/06/04,2022/06/05,2022/06/06,2022/06/07,2022/06/08,2022/06/09,2022/06/10,2022/06/11,2022/06/12,2022/06/13,2022/06/14,2022/06/15,2022/06/16,2022/06/17,2022/06/18,2022/06/19,2022/06/20,2022/06/21,2022/06/22,2022/06/23,2022/06/24,2022/06/25,2022/06/26,2022/06/27,2022/06/28,2022/06/29,2022/06/30
Afghanistan,180419,180520,180584,180615,180615,180688,180741,180784,180864,180864,180864,180864,181120,181178,181236,181465,181534,181574,181666,181725,181808,181912,181987,182033,182072,182149,182228,182324,182403,182528
Albania,276221,276221,276310,276342,276401,276415,276468,276518,276583,276638,276690,276731,276731,276821,276821,276821,277141,277141,277409,277444,277663,277940,278211,278504,278793,279077,279077,279167,280298,280851
Algeria,265887,265889,265889,265889,265897,265900,265904,265909,265920,265925,265925,265927,265937,265943,265952,265964,265968,265971,265975,265985,265993,266006,266015,266025,266030,266038,266049,266062,266073,266087
Andorra,42894,42894,43067,43067,43067,43067,43067,43224,43224,43224,43224,43224,43224,43224,43449,43449,43449,43449,43449,43449,43449,43774,43774,43774,43774,43774,43774,43774,43774,43774
Angola,99761,99761,99761,99761,99761,99761,99761,99761,99761,99761,99761,99761,99761,99761,99761,99761,99761,99761,99761,99761,99761,99761,99761,99761,99761,99761,99761,101320,101320,101320
Antarctica,11,11,11,11,11,11,11,11,11,11,11,11,11,11,11,11,11,11,11,11,11,11,11,11,11,11,11,11,11,11
Antigua and Barbuda,8253,8295,8295,8378,8378,8378,8378,8378,8406,8479,8479,8492,8531,8537,8537,8537,8555,8581,8581,8581,8581,8590,8590,8625,8625,8625,8625,8625,8625,8641
Argentina,9230573,9230573,9230573,9230573,9276618,9276618,9276618,9276618,9276618,9276618,9276618,9276618,9276618,9313453,9313453,9313453,9313453,9313453,9341492,9341492,9341492,9341492,9341492,9341492,9341492,9367172,9367172,9367172,9367172,9367172
Armenia,422963,422963,422963,422963,422963,423006,423006,423006,423006,423006,423006,423006,423006,423044,423044,423044,423044,423044,423044,423104,423104,423104,423104,423104,423104,423104,423243,423243,423243,423243
Australia,7346124,7378021,7405542,7425669,7448922,7476425,7509648,7542081,7571629,7597714,7614107,7634987,7660750,7691710,7724035,7753800,7778643,7801241,7825659,7854915,7887810,7919844,7945726,7978875,8000312,8026309,8057729,8081866,8130927,8164673
Austria,4289988,4293027,4295818,4295818,4295818,4304326,4306509,4308082,4311116,4316435,4316435,4316435,4327840,4330667,4335007,4342311,4349916,4349916,4349916,4367190,4372423,4379778,4391150,4400566,4400566,4400566,4425837,4432922,4447278,4459767
Azerbaijan,792778,792785,792785,792785,792785,792785,792785,792785,792785,792785,792785,792785,792785,792785,792785,792785,792959,792985,793010,793015,793036,793063,793089,793106,793140,793164,793176,793176,793176,793176
Bahamas,34861,34861,34931,34982,35070,35079,35099,35132,35163,35218,35286,35332,35351,35351,35464,35516,35564,35603,35644,35644,35678,35703,35755,35810,35814,35835,35881,35902,35902,35975
Bahrain,586267,586861,587456,588070,588801,589809,590806,591690,591690,593654,594621,595787,597184,598552,599924,601322,602465,603848,605756,607475,609553,611632,613386,615125,616588,618498,620427,622261,624269,625856
Bangladesh,1953541,1953563,1953592,1953623,1953657,1953700,1953754,1953812,1953871,1953935,1954006,1954115,1954243,1954405,1954637,1954994,1955427,1955731,1956327,1957200,1958074,1959209,1960528,1962213,1963493,1965173,1967274,1969361,1971602,1973789
Barbados,80846,81028,81174,81319,81427,81518,81622,81800,81929,82071,82183,82255,82318,82449,82545,82643,82730,82826,82899,82950,83095,83242,83390,83524,83663,83776,83820,83975,84095,84421
Belarus,982867,982867,982867,982867,982867,982867,982867,982867,982867,982867,982867,982867,982867,982867,982867,982867,982867,982867,982867,982867,982867,982867,982867,982867,982867,982867,982867,982867,982867,982867
Belgium,4152558,4158754,4158754,4158754,4158754,4158754,4164698,4164698,4170252,4170252,4170252,4170252,4177440,4177440,4177440,4187940,4187940,4187940,4187940,4197345,4197345,4197345,4211511,4211511,4211511,4211511,4225222,4225222,4225222,4246078
Belize,59537,59666,59788,59788,59788,60063,60287,60493,60694,60863,60863,60863,61150,61150,61150,61150,61918,61918,61918,62188,62465,62667,62875,63037,63037,63037,63310,63572,63795,63966
Benin,26952,26952,26952,26952,26952,26952,26952,26952,26952,26952,26952,26952,26952,26952,26952,27122,27122,27122,27122,27122,27122,27122,27122,27122,27122,27122,27122,27122,27122,27216
Bhutan,59628,59628,59628,59628,59628,59636,59636,59636,59636,59636,59636,59636,59644,59644,59644,59644,59644,59644,59644,59674,59674,59674,59674,59674,59674,59674,59729,59729,59729,59729
Bolivia,909372,909372,909919,909919,910134,910516,910832,911188,911635,911635,912272,912473,912869,913362,913874,914252,914827,914827,915500,916092,916092,917537,918551,919737,920595,921104,921104,922121,925096,926718
Bosnia and Herzegovina,377928,377949,377962,377962,377962,377998,378022,378054,378069,378083,378083,378083,378112,378112,378168,378193,378209,378209,378209,378295,378301,378328,378370,378413,378413,378413,378505,378577,378630,378716
Botswana,308126,308126,308126,308126,308126,308126,310431,310431,310431,310431,310431,310431,310431,314242,314242,314242,314242,314242,314242,314242,318528,318528,318528,318528,318528,318528,320127,321968,321968,322769
Brazil,31060017,31101290,31137479,31137479,31137479,31195118,31266163,31315777,31360850,31417341,31445137,31456865,31497038,31541479,31611769,31611769,31611769,31611769,31611769,31754465,31818827,31890733,31962782,32023166,32023166,32023166,32130316,32206954,32206954,32358018
Brunei,148970,149337,149679,150058,150402,150781,151161,151560,151950,152320,152712,153093,153611,154133,154133,155274,155793,156452,156452,157772,158524,158527,158527,159591,159591,159591,161538,162311,163055,163900
Bulgaria,1165356,1165538,1165727,1165807,1165856,1166148,1166316,1166476,1166589,1166777,1166859,1166901,1167147,1167314,1167466,1167706,1167914,1168035,1168127,1168508,1168818,1169154,1169474,1169728,1169968,1170091,1170686,1171235,1171767,1172239
Burkina Faso,20899,20899,20899,20899,20899,20899,20899,20899,20899,20899,20899,20899,20899,20899,20899,21044,21044,21044,21044,21044,21044,21044,21044,21044,21044,21044,21044,21044,21044,21044
Burma,613348,613355,613370,613381,613382,613387,613397,613405,613415,613427,613440,613443,613452,613460,613464,613467,613474,613485,613490,613494,613508,613521,613532,613538,613553,613556,613568,613577,613583,613596
Burundi,42034,42084,42129,42129,42129,42248,42248,42248,42248,42248,42248,42248,42297,42330,42330,42385,42398,42398,42398,42472,42472,42472,42542,42542,42542,42542,42542,42542,42542,42658
Cabo Verde,56384,56425,56475,56532,56556,56590,56635,56738,56738,56936,57040,57096,57096,57262,57464,57643,57808,58029,58176,58271,58467,58770,58995,59265,59265,59416,59416,59533,60227,60542
Cambodia,136262,136262,136262,136262,136262,136262,136262,136262,136262,136262,136262,136262,136262,136262,136262,136262,136262,136262,136262,136262,136262,136262,136262,136262,136262,136262,136262,136262,136272,136279
Cameroon,119947,119947,119947,119947,119947,119947,119947,119947,119947,119947,119947,119947,119947,119947,119947,119947,119947,119947,119947,119947,119947,119947,120002,120002,120002,120002,120002,120068,120068,120068
Canada,3888672,3891759,3895259,3896919,3897791,3898661,3901597,3905339,3907653,3912417,3916335,3917756,3918616,3921033,3923353,3926127,3927884,3931364,3931364,3932637,3935067,3938040,3942808,3945083,3948562,3949244,3950117,3953552,3956171,3962334
Central African Republic,14649,14649,14649,14649,14649,14649,14649,14649,14649,14649,14649,14649,14649,14649,14649,14649,14649,14649,14649,14649,14649,14649,14649,14649,14649,14649,14649,14649,14649,14649
Chad,7417,7417,7417,7417,7417,7418,7418,7418,7418,7418,7418,7418,7420,7420,7420,7420,7420,7420,7420,7424,7424,7424,7424,7424,7424,7424,7425,7425,7425,7425
Chile,3710521,3720334,3729906,3739796,3748619,3756220,3760891,3771509,3783945,3796909,3808970,3820009,3829119,3834020,3844668,3857643,3870747,3882425,3893726,3901215,3906107,3915653,3924247,3935375,3948012,3959325,3967774,3973291,3979797,3990693
China,2097282,2097925,2098595,2099041,2099865,2100607,2101049,2101560,2102379,2103227,2104341,2105331,2106288,2107342,2108598,2109935,2111214,2112692,2114127,2115561,2116897,2118491,2120269,2122283,2124209,2126233,2128225,2130033,2132190,2134718
Colombia,6103455,6109105,6109105,6109105,6109105,6109105,6109105,6109105,6117847,6117847,6117847,6117847,6117847,6117847,6117847,6131657,6131657,6131657,6131657,6131657,6131657,6131657,6151354,6151354,6151354,6151354,6151354,6151354,6151354,6175181
Comoros,8120,8126,8126,8126,8126,8126,8126,8126,8126,8131,8131,8131,8131,8131,8131,8131,8131,8131,8131,8131,8131,8131,8136,8136,8136,8136,8136,8139,8139,8139
Congo (Brazzaville),24079,24128,24128,24128,24128,24128,24128,24128,24128,24128,24128,24128,24128,24128,24128,24128,24128,24128,24128,24128,24128,24128,24128,24128,24128,24128,24128,24128,24128,24128
Congo (Kinshasa),88374,89189,89189,89189,89189,89189,89189,89189,89189,89932,89932,89932,89932,89932,89932,89932,89932,89932,89932,90561,90561,90561,91082,91082,91082,91082,91082,91082,91082,91082
Costa Rica,904934,904934,904934,904934,904934,904934,904934,904934,904934,904934,904934,904934,904934,904934,904934,904934,904934,904934,904934,904934,904934,904934,904934,904934,904934,904934,904934,904934,904934,904934
Cote d'Ivoire,82226,82226,82242,82280,82305,82309,82309,82347,82364,82393,82467,82487,82492,82492,82580,82614,82659,82659,82724,82743,82805,82842,82905,82953,82999,83049,83049,83049,83309,83463
Croatia,1136706,1137192,1137597,1137864,1138046,1138076,1138278,1138702,1139034,1139319,1139612,1139816,1139835,1140078,1140625,1141047,1141115,1141546,1141919,1141948,1142345,1143179,1143354,1143966,1145053,1145490,1145521,1146183,1147380,1148528
Cuba,1105360,1105389,1105419,1105443,1105461,1105477,1105490,1105517,1105546,1105577,1105592,1105612,1105631,1105643,1105664,1105681,1105707,1105729,1105753,1105778,1105795,1105817,1105846,1105875,1105896,1105924,1105950,1105978,1105989,1106023
Cyprus,489963,489963,491777,491777,491777,491777,491777,491777,491777,493984,493984,493984,493984,493984,493984,493984,497454,497454,497454,497454,497454,497454,497454,504717,504717,504717,504717,504717,504717,504717
Czechia,4184945,4185178,4185467,4185575,4185677,4186087,4186492,4186492,4186921,4187672,4187899,4187986,4188457,4189007,4189550,4190033,4190558,4190681,4190900,4191530,4192274,4193111,4194033,4194992,4195231,4195536,4196831,4198371,4199867,4201201
Denmark,3184171,3184762,3185307,3185307,3185307,3185307,3187294,3188200,3189112,3190021,3190021,3190021,3192448,3193607,3194812,3196034,3197228,3197228,3197228,3200460,3202601,3204559,3206325,3207777,3207777,3207777,3211064,3213896,3216229,3218395
Diamond Princess,712,712,712,712,712,712,712,712,712,712,712,712,712,712,712,712,712,712,712,712,712,712,712,712,712,712,712,712,712,712
Djibouti,15675,15675,15675,15675,15675,15675,15675,15686,15686,15686,15686,15686,15690,15690,15690,15690,15690,15690,15690,15690,15690,15690,15690,15690,15690,15690,15690,15690,15690,15690
Dominica,14184,14295,14295,14295,14295,14295,14295,14295,14638,14638,14638,14638,14638,14717,14717,14717,14781,14781,14781,14781,14781,14781,14781,14821,14821,14821,14821,14852,14852,14852
Dominican Republic,584029,584526,585567,586099,586926,586926,588408,588978,589521,589521,590764,590764,592578,593324,593324,594964,595927,595927,595927,598079,598594,599469,600410,600410,600410,603256,603256,603256,605784,605784
Ecuador,878196,878196,878196,878196,878196,885318,885318,886223,887478,887478,887478,887478,890852,890852,892176,892176,896483,896483,896483,896483,898667,898667,898667,898667,901739,901739,901739,901739,909882,909882
Egypt,515645,515645,515645,515645,515645,515645,515645,515645,515645,515645,515645,515645,515645,515645,515645,515645,515645,515645,515645,515645,515645,515645,515645,515645,515645,515645,515645,515645,515645,515645
El Salvador,162755,162755,162755,162755,163735,163735,164134,164134,164134,164134,164134,164134,164134,164134,164134,164134,164134,164134,164134,164134,169646,169646,169646,169646,169646,169646,169646,169646,169646,169646
Equatorial Guinea,15923,15923,15923,15924,15924,15924,15927,15931,15933,15937,15937,15937,15945,15945,15945,15945,15951,15951,15951,15951,15955,15962,15962,15995,15995,15995,15995,16034,16034,16034
Eritrea,9764,9765,9767,9767,9767,9768,9768,9768,9768,9769,9769,9771,9771,9773,9773,9775,9775,9777,9777,9777,9782,9784,9785,9788,9788,9788,9792,9796,9796,9799
Estonia,576870,576870,576870,576870,576870,576870,577655,577655,577655,577655,577655,577655,577655,578494,578494,578494,578494,578494,578494,578494,579316,579316,579316,579316,579316,579316,579316,580111,580114,580114
Eswatini,72571,72617,72662,72685,72688,72703,72749,72781,72822,72870,72879,72891,72904,72935,72957,72980,72999,73003,73006,73013,73028,73049,73060,73069,73071,73073,73076,73091,73098,73109
Ethiopia,473188,473635,473979,474715,475012,475321,475764,476398,477006,477742,478544,478963,479484,480450,481225,482032,482888,483739,484138,484536,485047,485774,486373,486831,487217,487430,487683,488108,488433,488724
Fiji,65007,65063,65063,65063,65063,65103,65103,65103,65159,65159,65159,65159,65217,65217,65217,65268,65268,65268,65268,65361,65361,65361,65465,65465,65465,65465,65558,65558,65558,65713
Finland,1092193,1105211,1105211,1105211,1105211,1105211,1105211,1105211,1114573,1114573,1114573,1114573,1114573,1114573,1114573,1125342,1125342,1125342,1125342,1125342,1125342,1125342,1133597,1133597,1133597,1133597,1133597,1133597,1133597,1145610
France,29738170,29763546,29788676,29813848,29834390,29840626,29852463,29906452,29946603,29946697,29946603,29946603,29946647,30123426,30175534,30228615,30279240,30279240,30279240,30381221,30476915,30555038,30634890,30714200,30714200,30714200,30879062,31027099,31151971,31285317
Gabon,47677,47677,47677,47677,47677,47677,47677,47677,47711,47711,47711,47711,47711,47711,47711,47711,47742,47742,47742,47742,47742,47742,47824,47824,47824,47824,47824,47824,47824,47939
Gambia,12002,12002,12002,12002,12002,12002,12002,12002,12002,12002,12002,12002,12002,12002,12002,12002,12002,12002,12002,12002,12002,12002,12002,12002,12002,12002,12002,12002,12002,12002
Georgia,1657729,1657729,1657729,1657729,1657729,1657729,1658240,1658240,1658240,1658240,1658240,1658240,1658240,1658240,1658755,1658755,1658755,1658755,1658755,1658755,1658755,1659371,1659371,1659371,1659371,1659371,1659371,1659371,1660429,1660429
Germany,26360953,26409455,26452148,26452148,26452148,26452148,26498361,26583016,26660652,26738530,26738530,26738530,26809245,26915085,27007429,27096571,27124689,27124689,27124689,27211896,27334993,27454225,27573585,27681775,27681775,27681775,27771911,27914240,28048190,28180861
Ghana,161443,161481,161481,161481,161795,161795,161841,161841,161841,161841,161841,161935,161935,162646,163191,163332,163332,163332,163666,164164,164164,164541,164612,164843,164843,164843,165749,165749,166133,166133
Greece,3457256,3461025,3464666,3467979,3470640,3473141,3478779,3483275,3487775,3492268,3496807,3500489,3500489,3508610,3517898,3525056,3532260,3539423,3545112,3549944,3562524,3573052,3583526,3595498,3607580,3616874,3624556,3644889,3661004,3676502
Grenada,17750,17833,17866,17866,17866,17866,17948,17948,18035,18035,18035,18035,18035,18115,18115,18115,18115,18115,18115,18115,18205,18205,18243,18243,18270,18270,18270,18270,18270,18357
Guatemala,861916,862756,863595,864560,864662,864768,865900,867301,868360,868360,870897,871112,871263,872788,874926,876499,878401,880169,880467,880715,880715,886747,889913,893071,896133,896850,897462,901300,905642,910714
Guinea,36764,36764,36764,36764,36764,36764,36764,36764,36817,36817,36817,36817,36817,36817,36817,36817,36817,36817,36817,36817,36817,36817,36817,36817,36817,36817,36817,36817,36817,36817
Guinea-Bissau,8269,8283,8283,8283,8283,8283,8290,8290,8297,8305,8305,8306,8306,8307,8307,8307,8307,8307,8307,8307,8347,8347,8347,8348,8348,8348,8348,8348,8348,8348
Guyana,64969,65075,65148,65243,65272,65294,65422,65560,65714,65799,65859,65892,65926,66009,66129,66300,66385,66456,66491,66506,66588,66695,66835,66947,67058,67099,67114,67221,67325,67395
Haiti,30905,30924,30940,30952,30963,30970,30985,31004,31025,31034,31054,31075,31092,31115,31133,31163,31195,31200,31226,31242,31248,31301,31355,31410,31470,31470,31550,31603,31656,31677
Holy See,29,29,29,29,29,29,29,29,29,29,29,29,29,29,29,29,29,29,29,29,29,29,29,29,29,29,29,29,29,29
Honduras,425371,425371,425371,425417,425471,425471,425471,425471,425564,425564,425564,425655,425655,425655,425655,425930,426095,426095,426095,426095,426095,426095,426095,426490,426490,426490,426879,426879,427355,427355
Hungary,1919840,1919840,1919840,1919840,1919840,1919840,1919840,1921486,1921486,1921486,1921486,1921486,1921486,1921486,1923122,1923122,1923122,1923122,1923122,1923122,1923122,1925083,1925083,1925083,1925083,1925083,1925083,1925083,1928125,1928125
Iceland,188291,188291,188924,188924,188924,188924,189319,189319,189319,190014,190014,190014,190014,190643,190643,191079,191079,191079,191079,191079,192031,192031,192031,192991,192991,192991,192991,193987,193987,193987
India,43164544,43168585,43172547,43176817,43181335,43185049,43190282,43197522,43205106,43213435,43222017,43230101,43236695,43245517,43257730,43270577,43283793,43296692,43309473,43319396,43331645,43344958,43362294,43378234,43389973,43407046,43418839,43433345,43452164,43469234
Indonesia,6055341,6055645,6056017,6056412,6056800,6057142,6057660,6058180,6058736,6059363,6059937,6060488,6061079,6062009,6063251,6064424,6065644,6066908,6068075,6069255,6070933,6072918,6074825,6076894,6078725,6080451,6081896,6084063,6086212,6088460
Iran,7232268,7232443,7232614,7232678,7232731,7232790,7232929,7233117,7233319,7233472,7233528,7233688,7233880,7234042,7234221,7234367,7234523,7234597,7234757,7234988,7235175,7235440,7235696,7235928,7236064,7236361,7236713,7237156,7237597,7238126
Iraq,2328264,2328369,2328498,2328582,2328670,2328787,2328957,2329108,2329313,2329525,2329662,2329813,2330049,2330393,2330735,2331148,2331487,2331872,2332177,2332692,2333443,2334375,2335436,2336764,2338109,2339148,2341053,2343265,2345893,2348662
Ireland,1565970,1565970,1565970,1565970,1565970,1565970,1565970,1570519,1570519,1570519,1570519,1570519,1570519,1570519,1578284,1578284,1578284,1578284,1578284,1578284,1578284,1587385,1587385,1587385,1587385,1587385,1587385,1587385,1600614,1600614
Israel,4143714,4146176,4146176,4146176,4151978,4154558,4159589,4164474,4169330,4175644,4179780,4183477,4189850,4198194,4205416,4209564,4220524,4226245,4233759,4244453,4255122,4265869,4275786,4286123,4293073,4301600,4316205,4328732,4338698,4353033
Italy,17440232,17457950,17467642,17490451,17505973,17514589,17543136,17566061,17589595,17611607,17634065,17653375,17664043,17703887,17736696,17773764,17809934,17844905,17879160,17896065,17959329,18014202,18071634,18128044,18184917,18234242,18259261,18343422,18438877,18523111
Jamaica,137396,137724,138110,138110,138110,139029,139203,139456,139456,139918,140203,140463,140670,140754,140874,141026,141306,141306,141306,141720,141781,141873,142011,142161,142161,142440,142558,142626,142683,142804
Japan,8876113,8896430,8915687,8933945,8949039,8958140,8975161,8993568,9010356,9025940,9041278,9054719,9062661,9077975,9094519,9110063,9124760,9139597,9152738,9160533,9175927,9193205,9209862,9225840,9242413,9256660,9266214,9285592,9308916,9332302
Jordan,1696937,1696937,1696937,1696937,1696937,1697271,1697271,1697271,1697271,1697271,1697271,1697271,1697271,1697673,1697673,1697673,1697673,1697673,1697673,1698316,1698316,1698316,1698316,1698316,1698316,1698316,1699197,1699197,1699197,1699197
Kazakhstan,1394918,1394918,1394935,1394944,1394944,1394964,1394997,1394997,1395013,1395027,1395039,1395055,1395061,1395068,1395085,1395102,1395123,1395148,1395167,1395200,1395200,1395236,1395281,1395337,1395399,1395466,1395533,1395594,1395849,1395849
Kenya,325070,325170,325320,325442,325554,325634,325797,326015,326217,326449,326737,326932,327145,327425,327892,328319,328709,329107,329353,329605,330024,330478,331037,331539,331966,332227,332459,332898,333290,333694
Kiribati,3098,3098,3098,3098,3161,3161,3183,3183,3183,3204,3204,3204,3209,3215,3215,3215,3215,3215,3215,3215,3215,3215,3215,3236,3236,3236,3236,3236,3236,3236
"Korea, North",1,1,1,1,1,1,1,1,1,1,1,1,1,1,1,1,1,1,1,1,1,1,1,1,1,1,1,1,1,1
"Korea, South",18129313,18141835,18153851,18163686,18168708,18174880,18188200,18200346,18209650,18218078,18225460,18229288,18239056,18248479,18256457,18263643,18270481,18276552,18280090,18289373,18298341,18305783,18312993,18319773,18326019,18329448,18339319,18349756,18359341,18368857
Kosovo,228373,228378,228387,228393,228397,228397,228397,228407,228412,228420,228430,228438,228442,228450,228465,228482,228507,228523,228540,228550,228563,228606,228635,228673,228673,228673,228809,228873,229050,229199
Kuwait,633225,633225,633225,633225,634067,634067,634537,634537,635045,635045,635868,636240,636240,637061,637470,637470,638327,638708,638708,639290,639290,640857,640857,641678,641985,641985,643004,643004,643004,643004
Kyrgyzstan,200993,200993,200993,200993,200993,200993,200993,200993,200993,200993,200993,200993,200993,200993,201016,201016,201016,201016,201016,201016,201016,201024,201024,201024,201024,201024,201024,201053,201053,201053
Laos,210026,210045,210061,210069,210081,210083,210098,210108,210129,210138,210136,210147,210158,210164,210173,210173,210180,210194,210194,210208,210214,210214,210222,210233,210238,210247,210251,210258,210278,210292
Latvia,828822,828998,829143,829143,829143,829425,829640,829851,830076,830281,830281,830281,830698,830977,831248,831521,831727,831727,831727,832168,832485,832884,832884,832884,832884,832884,833711,834535,835152,835797
Lebanon,1099265,1099368,1099368,1099745,1099745,1099896,1099896,1100007,1100202,1100202,1100871,1101109,1101247,1101508,1101508,1101508,1102774,1103264,1103264,1103711,1104268,1105129,1105959,1106766,1107602,1108213,1108213,1109423,1110822,1112199
Lesotho,33358,33562,33562,33562,33562,33562,33562,33690,33746,33746,33746,33746,33746,33746,33746,33746,33746,33746,33746,33938,33938,33938,33938,33938,33938,33938,33938,33938,33938,33938
Liberia,7456,7456,7456,7456,7456,7456,7456,7456,7456,7459,7459,7459,7459,7460,7460,7489,7489,7489,7489,7493,7493,7493,7493,7493,7493,7493,7493,7493,7493,7497
Libya,502016,502016,502016,502016,502016,502040,502040,502040,502040,502040,502040,502040,502076,502076,502076,502076,502076,502076,502076,502110,502110,502110,502110,502110,502110,502110,502138,502138,502138,502138
Liechtenstein,17507,17512,17532,17532,17532,17532,17568,17583,17590,17605,17605,17605,17628,17628,17653,17653,17653,17653,17653,17706,17738,17774,17779,17814,17814,17814,17814,17860,17897,17903
Lithuania,1155082,1155246,1155399,1155539,1155571,1155584,1155804,1156022,1156229,1156451,1156634,1156670,1156693,1156980,1157248,1157492,1157689,1157928,1157973,1157997,1158394,1158727,1159082,1159413,1159452,1159507,1159567,1160189,1160680,1161146
Luxembourg,248279,248702,248972,248972,248972,249319,249319,249939,251873,251873,251873,251873,251873,252693,253318,254173,254865,254865,254865,255469,256678,257503,258467,258467,258467,258467,258467,261163,263167,263387
MS Zaandam,9,9,9,9,9,9,9,9,9,9,9,9,9,9,9,9,9,9,9,9,9,9,9,9,9,9,9,9,9,9
Madagascar,64377,64377,64377,64377,64377,64478,64478,64478,64478,64478,64478,64685,64685,64685,64685,64685,64685,64685,65009,65009,65009,65009,65009,65009,65009,65381,65381,65381,65381,65381
Malawi,85991,85995,86001,86011,86011,86022,86036,86043,86058,86075,86090,86107,86107,86134,86146,86162,86189,86202,86204,86225,86249,86287,86320,86348,86348,86348,86410,86448,86478,86506
Malaysia,4508319,4510196,4512040,4513631,4514989,4516319,4517447,4518965,4520852,4523018,4524727,4526298,4528390,4530312,4532632,4534665,4536795,4538922,4540612,4542705,4544626,4547051,4549847,4552359,4554661,4556664,4558558,4560583,4563188,4566055
Maldives,179753,179753,179753,179753,179753,179837,179837,179837,179837,179837,179837,179837,179979,179979,179979,179979,179979,179979,179979,180384,180384,180384,180384,180384,180384,180384,181586,181586,181586,181586
Mali,31102,31103,31108,31109,31110,31111,31115,31118,31120,31122,31122,31125,31127,31132,31134,31135,31136,31137,31137,31140,31142,31147,31149,31150,31153,31156,31158,31160,31163,31165
Malta,94857,94950,95068,95144,95210,95272,95365,95467,95642,95829,95995,96148,96290,96490,96763,97018,97278,97557,97872,98105,98593,99116,99659,100138,100594,101036,101453,102023,102593,103132
Marshall Islands,17,17,18,18,18,18,18,18,18,18,18,18,18,18,18,18,18,18,18,18,18,18,18,18,18,18,18,18,18,18
Mauritania,59154,59168,59174,59183,59199,59205,59212,59220,59224,59231,59238,59247,59252,59260,59275,59283,59289,59293,59304,59310,59324,59348,59376,59401,59428,59451,59494,59569,59677,59814
Mauritius,225862,226851,226851,226851,226851,226851,226851,226851,226851,226851,226851,226851,227442,227442,227442,227442,227442,227442,227442,227442,227442,227442,229479,229479,229479,229479,229479,229479,229479,231036
Mexico,5779027,5782405,5782405,5789401,5791282,5792317,5797427,5802672,5802672,5814866,5821262,5823844,5823844,5833738,5843190,5852596,5852596,5852596,5875705,5877837,5891589,5891589,5906953,5923086,5956732,5962615,5965958,5986917,5986917,6034602
Micronesia,30,30,30,30,31,34,34,35,35,35,35,35,35,35,35,38,38,38,38,38,38,38,38,38,38,38,38,38,38,38
Moldova,518967,518967,518967,518967,518967,519001,519001,519228,519228,519228,519228,519228,519234,519234,519452,519452,519452,519452,519452,519452,519452,519703,519741,519741,519741,519741,519741,520168,520321,520321
Monaco,12230,12258,12284,12300,12306,12319,12360,12387,12420,12451,12486,12489,12514,12514,12550,12581,12581,12616,12616,12616,12672,12715,12746,12769,12808,12808,12887,12887,12945,13006
Mongolia,925073,925149,925227,925433,926282,927272,927272,927272,927272,927272,927272,927272,928013,928013,928013,928013,928013,928013,928586,928586,928586,928586,928586,928586,928586,928586,928586,928586,928586,928586
Montenegro,237287,237355,237421,237486,237534,237563,237634,237688,237737,237793,237848,237901,237945,238043,238123,238217,238315,238416,238486,238549,238662,238807,238925,239107,239291,239458,239552,239552,239989,240222
Morocco,1168664,1169057,1169482,1169920,1170194,1170427,1171034,1171972,1172938,1174028,1175104,1175604,1176165,1177842,1179474,1181042,1182776,1184732,1185990,1186597,1189656,1192797,1195883,1199226,1202461,1204578,1205293,1209302,1212906,1216909
Mozambique,225781,225781,225835,225933,225933,225984,226065,226148,226233,226325,226428,226463,226481,226631,226749,226877,226975,227083,227127,227161,227255,227351,227435,227527,227616,227644,227660,227725,227819,227919
Namibia,166659,166859,166859,166859,167498,167565,167565,167565,167565,167565,168320,168403,168448,168448,168591,168695,168761,168851,168868,168904,168904,168904,169007,169007,169076,169076,169076,169076,169076,169179
Nauru,3,3,3,3,3,3,3,3,3,3,3,3,3,3,3,3,3,3,13,350,401,683,874,874,874,2115,2405,2793,3174,3394
Nepal,979152,979163,979182,979190,979199,979206,979213,979223,979235,979242,979251,979262,979271,979278,979297,979309,979333,979344,979362,979382,979396,979424,979457,979489,979512,979533,979569,979607,979658,979694
Netherlands,8189023,8190558,8192641,8194254,8195493,8196517,8198019,8200146,8202575,8205566,8205566,8205566,8211768,8214642,8218556,8222722,8227221,8227221,8227221,8237473,8242305,8247488,8252995,8258161,8258577,8258577,8271456,8277287,8283818,8290330
New Zealand,1184506,1190852,1197266,1201739,1201739,1212117,1219266,1227445,1233908,1239176,1243705,1248223,1254578,1260289,1266177,1271191,1275775,1279126,1283305,1289212,1294900,1300431,1300435,1309557,1314165,1319923,1328254,1336322,1344290,1351585
Nicaragua,14538,14538,14538,14538,14538,14538,14538,14577,14577,14577,14577,14577,14577,14577,14619,14619,14619,14619,14619,14619,14619,14619,14619,14619,14619,14619,14619,14619,14690,14690
Niger,9031,9031,9031,9031,9031,9031,9031,9031,9031,9031,9031,9031,9031,9031,9031,9031,9031,9031,9031,9031,9031,9031,9031,9031,9031,9031,9031,9031,9031,9031
Nigeria,256028,256113,256113,256148,256148,256148,256227,256227,256264,256264,256352,256352,256352,256404,256404,256467,256467,256573,256573,256573,256711,256711,256711,256711,256958,256958,256958,256958,256958,257290
North Macedonia,312022,312097,312157,312157,312157,312292,312345,312418,312473,312538,312538,312538,312607,312673,312748,312807,312879,312879,312879,312960,313050,313160,313252,313360,313360,313360,313540,313708,313856,314018
Norway,1433986,1434273,1434653,1434750,1434799,1434896,1435285,1435512,1436118,1436598,1436759,1436855,1437343,1437767,1438244,1438813,1439408,1439656,1439751,1440517,1441164,1442071,1442891,1443637,1444043,1444193,1445034,1445824,1446564,1447270
Oman,389473,389473,389473,389473,389473,389473,389473,389758,389758,389758,389758,389758,389758,389758,389758,389758,389758,389758,389758,390244,390244,390244,390244,390244,390244,390244,390244,390244,390244,390244
Pakistan,1530520,1530556,1530556,1530556,1530764,1530814,1530878,1530967,1530967,1531112,1531179,1531273,1531274,1531437,1531581,1531679,1531830,1531982,1532153,1532266,1532470,1532738,1533047,1533482,1533482,1534270,1534603,1535144,1535785,1536479
Palau,5065,5065,5083,5083,5083,5083,5126,5126,5126,5145,5145,5145,5145,5165,5165,5165,5181,5181,5181,5181,5193,5193,5193,5201,5201,5201,5201,5220,5220,5220
Panama,861711,865500,868796,871852,873794,875486,879009,882253,885046,887637,889960,891349,892455,894844,896924,898882,900333,902386,903529,904355,906435,908392,910522,912348,913932,915057,915923,917912,919740,921364
Papua New Guinea,44551,44622,44634,44634,44634,44638,44639,44643,44644,44655,44655,44655,44662,44675,44675,44681,44681,44681,44681,44691,44691,44691,44692,44702,44702,44702,44711,44711,44717,44717
Paraguay,650661,650661,650661,651268,651268,651268,651268,651268,651268,652044,652044,652044,652044,652044,652044,652044,653428,653428,653428,653428,653428,653428,653428,655532,655532,655532,655532,655532,655532,655532
Peru,3581524,3582604,3583403,3584256,3585381,3585767,3586242,3587142,3587906,3588697,3589782,3590882,3591816,3592765,3593625,3594977,3596377,3597866,3599501,3600993,3603127,3605614,3608565,3611123,3613464,3616929,3617629,3620801,3625091,3626802
Philippines,3690707,3690889,3691114,3691327,3691546,3691724,3691892,3692084,3692336,3692617,3692914,3693222,3693608,3693865,3694121,3694529,3695068,3695652,3696264,3696793,3697200,3697793,3698509,3699251,3700028,3700876,3701743,3702319,3703100,3704407
Poland,6007840,6008059,6008295,6008550,6008612,6008665,6009003,6009205,6009479,6009726,6009989,6010045,6010090,6010411,6010643,6010871,6010919,6011174,6011239,6011286,6011660,6011984,6012289,6012635,6012979,6013076,6013164,6013859,6014404,6014992
Portugal,4717243,4749137,4775529,4775529,4775529,4775529,4846230,4894982,4894982,4917127,4917127,4917127,4917127,4985742,5005783,5005783,5005783,5005783,5005783,5062552,5080587,5095959,5109412,5120970,5120970,5120970,5138659,5154296,5160861,5171236
Qatar,369049,369305,369526,369526,369929,370235,370551,370924,371247,371585,371846,372261,372704,373178,373691,374149,374591,374923,375481,376149,376811,377482,378176,378818,379277,379862,380530,381269,381976,382635
Romania,2909495,2909677,2910081,2910392,2910553,2910766,2911170,2911536,2911877,2912266,2912537,2912705,2912878,2912878,2912878,2912878,2912878,2912878,2912878,2915487,2915487,2915487,2915487,2915487,2915487,2915487,2919461,2919461,2919461,2919461
Russia,18067977,18072173,18076286,18080277,18083984,18087265,18090459,18094054,18097767,18101372,18104944,18108285,18111240,18113989,18116672,18119934,18123257,18126576,18129625,18132261,18134735,18137759,18140893,18144007,18147044,18150010,18152652,18155165,18158163,18161238
Rwanda,130061,130116,130141,130159,130180,130197,130215,130240,130278,130294,130319,130345,130375,130413,130443,130472,130510,130531,130568,130608,130646,130685,130723,130749,130787,130819,130859,130902,130952,131021
Saint Kitts and Nevis,5746,5757,5782,5798,5805,5809,5811,5821,5824,5824,5824,5851,5852,5873,5873,5890,5899,5899,5910,5913,5913,5924,5941,5941,5941,5941,5965,5992,6022,6065
Saint Lucia,25777,25877,25999,26092,26092,26206,26234,26250,26316,26453,26453,26538,26584,26629,26688,26704,26704,26722,26722,26763,26780,26816,26816,26885,26911,26937,26970,26984,27022,27022
Saint Vincent and the Grenadines,8717,8741,8762,8762,8762,8762,8807,8807,8807,8883,8883,8883,8883,8916,8929,8936,8956,8956,8956,8956,8995,9000,9008,9026,9026,9026,9026,9038,9045,9051
Samoa,13499,13499,13796,13796,13924,13924,13924,13924,13924,13924,14187,14187,14315,14422,14422,14497,14497,14497,14497,14497,14772,14772,14812,14812,14812,14812,14843,14906,14906,14906
San Marino,17124,17124,17124,17124,17124,17124,17124,17124,17124,17124,17124,17124,17124,17124,17376,17376,17413,17413,17413,17502,17570,17631,17631,17719,17719,17719,17767,17767,17961,18016
Sao Tome and Principe,5991,5991,5991,5991,5991,6003,6003,6003,6003,6003,6003,6003,6010,6010,6010,6010,6010,6010,6010,6023,6023,6023,6023,6023,6023,6023,6043,6043,6043,6043
Saudi Arabia,768648,769423,770085,770650,771302,772269,773221,774250,775205,776137,776890,777795,778983,780135,781168,782131,783076,783907,784837,786069,787212,788294,788294,788294,788294,791784,792860,793729,794488,795186
Senegal,86117,86118,86126,86133,86135,86137,86140,86142,86147,86150,86150,86150,86170,86175,86186,86201,86201,86201,86201,86230,86231,86243,86254,86266,86275,86280,86286,86289,86305,86325
Serbia,2017703,2017945,2018216,2018437,2018609,2018890,2019171,2019429,2019706,2019978,2020173,2020338,2020596,2020952,2021264,2021601,2021926,2022252,2022494,2022902,2023409,2023889,2024455,2025042,2025577,2026045,2026796,2027606,2028482,2029403
Seychelles,44016,44089,44145,44145,44145,44199,44199,44199,44199,44363,44363,44363,44363,44397,44397,44397,44521,44521,44521,44521,44521,44669,44669,44669,44669,44669,44669,44669,44669,44669
Sierra Leone,7682,7682,7682,7682,7682,7682,7682,7683,7683,7683,7683,7684,7685,7685,7685,7685,7688,7688,7688,7688,7688,7693,7693,7693,7693,7694,7694,7695,7695,7695
Singapore,1306871,1310616,1313849,1316728,1318984,1321146,1325623,1329225,1332656,1335625,1338753,1341256,1343645,1348775,1352681,1355801,1360780,1364562,1367761,1370981,1378090,1383952,1390558,1397074,1403242,1408358,1413667,1425171,1434563,1444068
Slovakia,2542773,2542970,2543160,2543341,2543439,2543503,2543763,2543993,2544255,2544473,2544678,2544678,2544823,2545137,2545409,2545651,2545879,2546134,2546134,2546346,2546800,2547229,2547645,2548069,2548586,2548819,2548964,2549692,2550368,2551116
Slovenia,1025367,1025656,1025913,1025913,1026292,1026372,1026834,1026834,1027524,1027821,1027821,1027821,1028376,1028943,1029415,1029887,1030354,1030354,1030354,1031216,1032072,1032748,1033524,1034172,1034172,1034172,1035420,1036653,1037714,1038716
Solomon Islands,21237,21237,21237,21237,21237,21237,21237,21237,21237,21237,21237,21237,21237,21237,21237,21237,21544,21544,21544,21544,21544,21544,21544,21544,21544,21544,21544,21544,21544,21544
Somalia,26565,26565,26565,26565,26565,26565,26565,26565,26565,26565,26565,26565,26675,26675,26675,26675,26675,26675,26675,26748,26748,26748,26748,26748,26748,26748,26803,26803,26803,26803
South Africa,3960424,3963394,3965422,3967078,3968205,3968205,3970993,3973086,3975062,3976653,3977628,3978590,3979126,3979836,3981739,3983675,3984646,3984646,3986601,3986892,3986892,3989007,3990057,3991003,3991944,3992449,3992661,3993004,3993444,3993444
South Sudan,17617,17625,17626,17626,17626,17630,17630,17630,17630,17644,17644,17644,17644,17659,17675,17679,17697,17697,17697,17697,17697,17697,17697,17697,17697,17697,17697,17722,17722,17722
Spain,12360256,12360256,12403245,12403245,12403245,12403245,12436538,12436538,12436538,12478994,12478994,12478994,12478994,12515127,12515127,12515127,12563399,12563399,12563399,12563399,12613634,12613634,12613634,12681820,12681820,12681820,12681820,12734038,12734038,12734038
Sri Lanka,663838,663845,663853,663862,663869,663884,663895,663901,663917,663922,663937,663950,663960,663965,663965,663975,663984,663984,663989,664010,664018,664036,664047,664052,664065,664080,664090,664098,664110,664123
Sudan,62374,62374,62374,62374,62374,62382,62399,62444,62444,62444,62444,62444,62475,62475,62489,62489,62489,62489,62489,62521,62533,62541,62551,62551,62551,62551,62551,62551,62624,62624
Summer Olympics 2020,865,865,865,865,865,865,865,865,865,865,865,865,865,865,865,865,865,865,865,865,865,865,865,865,865,865,865,865,865,865
Suriname,80547,80547,80547,80547,80547,80547,80673,80673,80673,80673,80673,80673,80673,80766,80766,80766,80766,80766,80766,80766,80817,80817,80817,80817,80817,80817,80817,80864,80864,80864
Sweden,2507948,2509366,2509366,2509366,2509366,2509366,2509366,2509366,2510930,2510930,2510930,2510930,2510930,2510930,2510930,2512853,2512853,2512853,2512853,2512853,2512853,2512853,2515769,2515769,2515769,2515769,2515769,2515769,2515769,2519199
Switzerland,3674986,3674986,3674986,3674986,3674986,3674986,3685281,3685281,3685281,3685281,3685281,3685281,3685281,3701895,3701895,3701895,3701895,3701895,3701895,3701895,3726615,3726615,3726615,3726615,3726615,3726615,3726615,3759730,3759730,3759730
Syria,55893,55894,55894,55894,55894,55898,55899,55900,55901,55904,55904,55904,55907,55908,55909,55912,55913,55913,55913,55916,55917,55918,55919,55920,55920,55920,55923,55925,55926,55927
Taiwan*,2121231,2198161,2274666,2342794,2404871,2457881,2540871,2620941,2693787,2762080,2841696,2892263,2937363,3003501,3072432,3135565,3190787,3244453,3295076,3330695,3387061,3439279,3487599,3533335,3573703,3613345,3641921,3686338,3728363,3767283
Tajikistan,17786,17786,17786,17786,17786,17786,17786,17786,17786,17786,17786,17786,17786,17786,17786,17786,17786,17786,17786,17786,17786,17786,17786,17786,17786,17786,17786,17786,17786,17786
Tanzania,35354,35354,35354,35354,35354,35354,35354,35354,35354,35354,35354,35354,35354,35354,35354,35354,35354,35354,35354,35354,35354,35366,35366,35366,35366,35366,35366,35366,35366,35768
Thailand,4455020,4457580,4460556,4463557,4466793,4468955,4471179,4473867,4477052,4479888,4482389,4484863,4486664,4488497,4490760,4492913,4494880,4497152,4499044,4500828,4502542,4504929,4507228,4509541,4511777,4514155,4515890,4517651,4520220,4522915
Timor-Leste,22916,22917,22921,22921,22925,22927,22928,22929,22931,22931,22931,22931,22933,22940,22944,22944,22944,22944,22944,22944,22945,22945,22947,22949,22950,22950,22951,22954,22957,22957
Togo,37097,37110,37116,37116,37131,37131,37142,37154,37166,37176,37176,37196,37200,37210,37220,37220,37231,37242,37247,37263,37263,37282,37299,37299,37328,37348,37361,37361,37382,37403
Tonga,11742,11742,11769,11769,11769,11769,11890,11909,11909,11909,11909,11909,11909,11909,11909,11909,12079,12079,12079,12079,12079,12079,12079,12079,12079,12079,12301,12301,12301,12301
Trinidad and Tobago,161790,162187,162441,162756,162849,162945,163178,163507,163885,164315,164506,164723,164829,164950,165144,165468,165600,165706,165807,165908,166053,166290,166420,166576,166682,166712,166712,166900,166979,167097
Tunisia,1042872,1042872,1042872,1042872,1042872,1042872,1043540,1043540,1043540,1043540,1043540,1043540,1043540,1044426,1044426,1044426,1044426,1044426,1044426,1044426,1046703,1046703,1046703,1046703,1046703,1046703,1046703,1046703,1052180,1052180
Turkey,15072747,15072747,15072747,15072747,15078186,15078186,15078186,15078186,15078186,15078186,15078186,15078186,15078186,15085742,15085742,15085742,15085742,15085742,15085742,15085742,15085742,15085742,15085742,15085742,15085742,15085742,15096696,15096696,15123331,15123331
Tuvalu,3,3,3,3,3,3,3,3,3,3,3,3,3,3,3,3,3,3,3,3,3,3,3,3,3,3,3,3,3,3
US,84556346,84678666,84835652,84863797,84880180,85040000,85126635,85325235,85457174,85563335,85598730,85616604,85768172,85858349,86043237,86173269,86312081,86329874,86348026,86444069,86555254,86740614,86879321,86996527,87037642,87060105,87220041,87317851,87507744,87675497
Uganda,164366,164366,164366,164366,164366,165700,165734,165803,165927,166046,166121,166237,166319,166378,166497,166593,166725,166809,166920,166954,166996,167122,167217,167301,167367,167452,167511,167511,167646,167719
Ukraine,5244223,5244223,5244223,5244223,5244223,5245823,5245823,5245823,5245823,5245823,5245823,5245823,5284337,5284385,5284420,5284484,5284534,5284597,5284629,5285704,5285730,5285764,5285796,5285836,5285871,5285909,5286931,5286959,5286989,5287020
United Arab Emirates,908647,909222,909815,910338,910935,911514,912086,912953,913984,915068,916247,917496,918815,920171,921566,923001,924434,925898,927387,928919,930475,932067,933688,935345,937037,938759,940503,942253,944022,945800
United Kingdom,22492903,22493305,22493328,22493328,22493328,22526949,22537186,22551660,22562275,22571880,22571880,22571882,22600145,22612173,22638832,22651908,22664434,22664435,22664435,22701557,22717987,22751393,22769958,22786431,22786805,22786805,22834153,22855565,22895669,22918904
Uruguay,925777,925777,925777,925777,925777,925777,934961,934961,934961,934961,934961,934961,943877,943877,943877,943877,943877,943877,943877,951948,951948,951948,951948,951948,951948,951948,957629,957629,957629,957629
Uzbekistan,239046,239059,239077,239092,239092,239135,239141,239159,239182,239203,239236,239236,239272,239280,239319,239376,239435,239525,239525,239726,239813,239895,239993,240087,240206,240345,240478,240569,240667,240764
Vanuatu,9223,9438,9445,9445,9445,10061,10239,10338,10390,10390,10390,10497,10575,10695,10757,10791,10856,10857,10924,10924,10989,11026,11033,11044,11044,11173,11174,11206,11266,11266
Venezuela,523710,523710,523769,523833,523901,523937,523969,523969,524085,524152,524152,524291,524321,524321,524370,524488,524718,524823,524911,524978,525105,525105,525340,525539,525716,525782,525827,525827,526022,526022
Vietnam,10720426,10722634,10723673,10724554,10725239,10726045,10727005,10727918,10728720,10729681,10731244,10731812,10732429,10733285,10734151,10734925,10736408,10737107,10737640,10738161,10738909,10739855,10740595,10742234,10742891,10743448,10744085,10744854,10745631,10746470
West Bank and Gaza,657705,657705,657705,657705,657705,657705,657879,657879,657879,657879,657879,657879,657879,657879,658100,658100,658100,658100,658100,658503,658503,658503,658503,658503,658503,658503,659853,659853,659853,659853
Winter Olympics 2022,535,535,535,535,535,535,535,535,535,535,535,535,535,535,535,535,535,535,535,535,535,535,535,535,535,535,535,535,535,535
Yemen,11822,11822,11822,11822,11822,11822,11822,11822,11822,11822,11822,11822,11822,11822,11822,11822,11823,11823,11823,11823,11824,11824,11824,11824,11824,11824,11824,11824,11824,11824
Zambia,321915,321915,322207,322207,322207,322207,322562,322790,322919,323058,323058,323058,323283,323337,323654,323654,324025,324025,324288,324344,324558,324558,324922,325110,325110,325110,325348,325498,325498,325857
Zimbabwe,252874,253051,253236,253236,253338,253508,253637,253779,253779,254031,254031,254098,254155,254155,254387,254502,254753,254753,254801,254831,254919,255049,255136,255309,255309,255355,255383,255383,255520,255586
