Country_Region,2022/11/01,2022/11/02,2022/11/03,2022/11/04,2022/11/05,2022/11/06,2022/11/07,2022/11/08,2022/11/09,2022/11/10,2022/11/11,2022/11/12,2022/11/13
Afghanistan,203167,203265,203395,203497,203574,203681,203829,203942,204094,204287,204392,204417,204510
Albania,332969,332996,332996,333027,333046,333055,333058,333071,333088,333103,333125,333138,333156
Algeria,270839,270840,270847,270856,270862,270873,270881,270891,270906,270917,270924,270929,270939
Andorra,46535,46588,46588,46588,46588,46588,46588,46588,46664,46664,46664,46664,46664
Angola,103131,103131,103131,103131,103131,103131,103131,103131,103131,103131,103131,103131,103131
Antarctica,11,11,11,11,11,11,11,11,11,11,11,11,11
Antigua and Barbuda,9106,9106,9106,9106,9106,9106,9106,9106,9106,9106,9106,9106,9106
Argentina,9718875,9718875,9718875,9718875,9718875,9720232,9720232,9720232,9720232,9720232,9720232,9720232,9721718
Armenia,445242,445242,445242,445242,445242,445242,445397,445397,445397,445397,445397,445397,445397
Australia,10381125,10383005,10402713,10417273,10418986,10420857,10423566,10426939,10429996,10458954,10472100,10479214,10484025
Austria,5443883,5448375,5453038,5458604,5462911,5466250,5468967,5472671,5477350,5481274,5484553,5488376,5491252
Azerbaijan,823318,823369,823418,823469,823496,823533,823539,823577,823584,823592,823636,823688,823721
Bahamas,37386,37386,37386,37386,37386,37386,37386,37416,37416,37429,37433,37433,37436
Bahrain,690401,690760,691074,691300,691509,691760,692129,692378,692639,692885,693082,693261,693492
Bangladesh,2035334,2035517,2035657,2035745,2035782,2035828,2035882,2035930,2035992,2036061,2036109,2036131,2036166
Barbados,103424,103424,103424,103424,103424,103424,103424,103424,103424,103424,103424,103424,103424
Belarus,994037,994037,994037,994037,994037,994037,994037,994037,994037,994037,994037,994037,994037
Belgium,4612239,4612239,4617315,4617315,4617315,4617315,4619721,4619721,4619721,4622723,4622723,4622723,4622723
Belize,68957,68957,68957,68957,68957,68957,68972,68972,68972,68972,68972,68972,68972
Benin,27782,27782,27782,27782,27782,27782,27912,27912,27912,27912,27912,27912,27912
Bhutan,62380,62380,62380,62380,62380,62380,62430,62430,62430,62430,62430,62430,62430
Bolivia,1109491,1109491,1109512,1109529,1109581,1109601,1109652,1109652,1109730,1109730,1109763,1109822,1109822
Bosnia and Herzegovina,399981,399993,400027,400043,400043,400043,400090,400119,400129,400162,400185,400185,400185
Botswana,326344,326344,326344,326344,326344,326344,326344,326344,326344,326344,326344,326344,326344
Brazil,34837035,34837035,34846308,34849063,34849063,34849063,34855492,34855492,34855492,34889576,34908198,34908198,34908198
Brunei,237656,241044,241044,241044,241044,241044,241044,241044,244599,244599,244599,244599,244599
Bulgaria,1279595,1280004,1280584,1280584,1281155,1281252,1281924,1281924,1282284,1282751,1283364,1283495,1283572
Burkina Faso,21631,21631,21631,21631,21631,21631,21631,21631,21631,21631,21631,21631,21631
Burma,631797,631929,632014,632139,632229,632274,632318,632391,632461,632522,632587,632635,632679
Burundi,50470,50470,50470,50470,50470,50470,50517,50574,50574,50574,50574,50574,50574
Cabo Verde,62397,62397,62516,62529,62553,62561,62561,62566,62619,62646,62646,62672,62693
Cambodia,137992,137993,137995,137995,137995,137995,137996,137996,137996,137996,137996,137996,137996
Cameroon,123629,123629,123629,123629,123629,123629,123993,123993,123993,123993,123993,123993,123993
Canada,4372182,4374755,4383367,4384773,4384773,4384773,4388506,4391389,4393414,4401096,4402177,4402857,4403371
Central African Republic,15260,15260,15260,15260,15260,15260,15289,15289,15289,15289,15289,15289,15289
Chad,7627,7627,7627,7627,7627,7627,7631,7631,7631,7631,7631,7631,7631
Chile,4762773,4765929,4769638,4777208,4786198,4793902,4799221,4803251,4810774,4818999,4826234,4832838,4838658
China,2959481,2967572,2976228,2984649,2997306,3002843,3013968,3026615,3046538,3053673,3070130,3100114,3108324
Colombia,6309716,6309716,6310332,6310332,6310332,6310332,6310332,6310332,6310332,6311359,6311359,6311359,6311359
Comoros,8762,8762,8762,8762,8762,8762,8879,8879,8879,8879,8879,8879,8879
Congo (Brazzaville),24837,24837,24837,24837,24837,24837,24837,24837,24837,24837,24837,24837,24837
Congo (Kinshasa),93086,93086,93086,93219,93219,93219,93219,93219,93219,93467,93467,93467,93467
Costa Rica,1135713,1135713,1135713,1138416,1138416,1138416,1138416,1138416,1138416,1138416,1140864,1140864,1140864
Cote d'Ivoire,87781,87781,87822,87824,87830,87830,87830,87839,87839,87847,87851,87851,87851
Croatia,1247199,1247242,1247678,1248133,1248450,1248609,1248635,1248864,1249239,1249502,1249699,1249943,1250099
Cuba,1111286,1111287,1111290,1111291,1111292,1111296,1111298,1111300,1111303,1111311,1111311,1111317,1111321
Cyprus,599118,599118,599118,602662,602662,602662,602662,602662,602662,602662,602662,606287,606287
Czechia,4515117,4516710,4517514,4518555,4519751,4519947,4520054,4521430,4522444,4523069,4523895,4524863,4525021
Denmark,3382145,3382887,3383519,3384093,3384093,3384093,3385515,3386248,3386898,3387782,3388326,3388326,3388326
Diamond Princess,712,712,712,712,712,712,712,712,712,712,712,712,712
Djibouti,15690,15690,15690,15690,15690,15690,15690,15690,15690,15690,15690,15690,15690
Dominica,15760,15760,15760,15760,15760,15760,15760,15760,15760,15760,15760,15760,15760
Dominican Republic,647425,647425,647425,647425,647425,647425,647425,647653,647653,647717,647717,647717,647717
Ecuador,1008035,1008035,1008035,1009044,1009044,1009044,1009044,1009044,1009388,1009388,1009388,1009388,1009388
Egypt,515645,515645,515645,515645,515645,515645,515645,515645,515645,515645,515645,515645,515645
El Salvador,201785,201785,201785,201785,201785,201785,201785,201785,201785,201785,201785,201785,201785
Equatorial Guinea,17173,17174,17174,17174,17174,17174,17174,17178,17178,17182,17182,17182,17182
Eritrea,10189,10189,10189,10189,10189,10189,10189,10189,10189,10189,10189,10189,10189
Estonia,607300,607300,607300,607300,607300,607300,607300,607300,607844,607844,607844,607844,607844
Eswatini,73558,73558,73558,73558,73558,73558,73618,73618,73618,73618,73618,73618,73708
Ethiopia,493972,493988,493996,494024,494039,494042,494086,494106,494119,494119,494166,494180,494185
Fiji,68264,68264,68270,68270,68270,68270,68270,68270,68270,68287,68287,68287,68287
Finland,1348737,1348737,1360721,1360721,1360721,1360721,1360721,1360721,1360721,1372651,1372651,1372651,1372651
France,37033582,37068741,37110800,37140238,37140238,37140238,37191901,37232493,37261364,37288432,37288432,37288432,37288432
Gabon,48945,48945,48945,48945,48945,48945,48945,48945,48945,48945,48945,48945,48945
Gambia,12580,12580,12580,12580,12580,12580,12580,12580,12580,12580,12580,12580,12580
Georgia,1780691,1780691,1780691,1785138,1785138,1785138,1785138,1785138,1785138,1785138,1785138,1785138,1785138
Germany,35619687,35649648,35728277,35784912,35784912,35784912,35823771,35884834,35932654,35971322,36005025,36005025,36005025
Ghana,170707,170707,170894,170894,170894,170894,170894,170894,170894,170894,170894,170894,170894
Greece,5188890,5188890,5188890,5188890,5188890,5188890,5188890,5250288,5250288,5250288,5250288,5250288,5250288
Grenada,19591,19591,19604,19604,19604,19604,19604,19604,19604,19604,19613,19613,19613
Guatemala,1140602,1140672,1141290,1141938,1142470,1142521,1142589,1143218,1143697,1144358,1144771,1145216,1145374
Guinea,38047,38047,38047,38047,38047,38047,38122,38122,38122,38122,38122,38122,38122
Guinea-Bissau,8848,8848,8848,8848,8848,8848,8848,8848,8848,8848,8848,8848,8848
Guyana,71438,71438,71438,71442,71443,71447,71449,71453,71453,71461,71461,71468,71471
Haiti,33811,33811,33828,33828,33828,33828,33828,33828,33828,33828,33828,33828,33832
Holy See,29,29,29,29,29,29,29,29,29,29,29,29,29
Honduras,456988,457196,457196,457196,457196,457196,457196,457196,457196,457196,457406,457406,457406
Hungary,2141513,2141513,2141513,2141513,2141513,2141513,2141513,2141513,2153564,2153564,2153564,2153564,2153564
Iceland,206571,206571,206571,206571,206571,206571,206571,206803,206803,206803,206803,206803,206803
India,44655828,44655926,44658365,44659447,44660579,44661504,44660293,44660293,44660293,44664810,44665643,44666372,44666924
Indonesia,6497786,6502659,6507610,6512913,6517630,6521292,6525120,6531721,6537907,6544201,6550448,6556627,6561504
Iran,7557805,7557805,7557962,7558002,7558078,7558142,7558502,7558593,7558690,7558762,7558812,7558893,7558950
Iraq,2461484,2461484,2461484,2461484,2461484,2461484,2461857,2461857,2461857,2461857,2461857,2461857,2461857
Ireland,1672319,1673665,1673665,1673665,1673665,1673665,1673665,1673665,1675723,1675723,1675723,1675723,1675723
Israel,4685434,4686060,4687132,4687132,4688662,4689152,4689152,4692154,4693146,4693662,4694836,4695853,4695853
Italy,23531023,23531023,23531023,23642011,23642011,23642011,23642011,23642011,23642011,23642011,23823192,23823192,23823192
Jamaica,151931,151931,151931,151931,151931,151931,152236,152306,152306,152306,152306,152306,152306
Japan,22389872,22460268,22527741,22561805,22635975,22702372,22733994,22815395,22902805,22981382,23055475,23134961,23203855
Jordan,1746997,1746997,1746997,1746997,1746997,1746997,1746997,1746997,1746997,1746997,1746997,1746997,1746997
Kazakhstan,1484932,1484932,1484932,1484932,1484932,1484932,1485203,1485203,1485203,1485203,1485203,1485203,1485203
Kenya,339253,339350,339350,339552,339671,339756,339788,339788,339987,340114,340209,340371,340431
Kiribati,3430,3430,3430,3430,3430,3430,3430,3430,3430,3430,3430,3430,3430
"Korea, North",1,1,1,1,1,1,1,1,1,1,1,1,1
"Korea, South",25670407,25717277,25760701,25801564,25838239,25856910,25919183,25981655,26037020,26091539,26145764,26194229,26217994
Kosovo,272162,272167,272174,272174,272179,272180,272183,272183,272186,272189,272192,272194,272195
Kuwait,662073,662073,662073,662073,662073,662073,662359,662359,662359,662359,662359,662359,662359
Kyrgyzstan,206452,206452,206452,206452,206452,206452,206464,206464,206464,206464,206464,206464,206464
Laos,216243,216260,216265,216277,216277,216286,216295,216303,216323,216335,216355,216357,216363
Latvia,952692,953337,953835,954230,954230,954230,954953,955436,955943,956392,956780,956780,956780
Lebanon,1218779,1218810,1218923,1218987,1219066,1219141,1219141,1219141,1219297,1219415,1219465,1219573,1219608
Lesotho,34490,34490,34490,34490,34490,34490,34490,34490,34490,34490,34490,34490,34490
Liberia,7996,7996,7996,7996,7996,7996,7998,7998,7998,7998,7998,7998,7998
Libya,507051,507051,507051,507051,507051,507051,507060,507060,507060,507060,507060,507060,507060
Liechtenstein,20626,20663,20663,20663,20663,20663,20687,20709,20741,20741,20750,20750,20750
Lithuania,1268633,1268671,1268707,1268707,1269729,1269772,1269806,1270349,1270708,1270986,1271238,1271466,1271487
Luxembourg,302221,302221,302868,303025,303025,303025,303214,303464,303571,303571,303571,303571,303571
MS Zaandam,9,9,9,9,9,9,9,9,9,9,9,9,9
Madagascar,66749,66749,66749,66749,66749,66788,66788,66788,66788,66788,66788,66788,66859
Malawi,88073,88073,88073,88099,88099,88099,88073,88099,88099,88073,88073,88073,88073
Malaysia,4905877,4909846,4914557,4918917,4923538,4927451,4929972,4933753,4937020,4940456,4943701,4946583,4948817
Maldives,185364,185364,185364,185364,185364,185364,185454,185454,185454,185454,185454,185454,185454
Mali,32735,32737,32738,32738,32738,32738,32738,32739,32741,32744,32745,32745,32745
Malta,115372,115402,115425,115447,115459,115469,115489,115512,115532,115547,115563,115587,115597
Marshall Islands,15389,15389,15389,15389,15389,15389,15389,15389,15389,15389,15389,15389,15389
Mauritania,63374,63380,63385,63388,63392,63399,63400,63403,63407,63407,63410,63412,63412
Mauritius,265301,265301,265301,265301,265301,265301,266489,266489,266489,268397,268397,268397,268397
Mexico,7110993,7112504,7112504,7113658,7113658,7113658,7113429,7113429,7115535,7116424,7116424,7116424,7116424
Micronesia,22203,22203,22203,22203,22203,22203,22203,22203,22203,22203,22203,22203,22203
Moldova,593816,593816,593816,593816,593816,593816,593816,594163,594163,594163,594163,594163,594163
Monaco,14963,14963,14988,15005,15005,15005,15005,15027,15057,15057,15071,15071,15071
Mongolia,984823,985112,985282,985445,985445,985445,985652,986190,986599,986599,986599,986599,986599
Montenegro,282843,282911,282973,283011,283055,283089,283117,283146,283192,283240,283268,283300,283320
Morocco,1265650,1265732,1265788,1265876,1265965,1265998,1266009,1266104,1266231,1266350,1266458,1266561,1266617
Mozambique,230475,230475,230475,230475,230475,230475,230475,230475,230475,230475,230475,230475,230475
Namibia,169946,169946,169946,169946,169946,169946,169946,169946,169946,169946,169946,169946,169946
Nauru,4611,4611,4611,4611,4611,4611,4611,4611,4611,4611,4611,4611,4611
Nepal,1000585,1000631,1000676,1000698,1000708,1000734,1000749,1000759,1000766,1000775,1000784,1000792,1000806
Netherlands,8628718,8628802,8628802,8632865,8632865,8632865,8632865,8636513,8636513,8636598,8639735,8639735,8639735
New Zealand,1858163,1858163,1858163,1858163,1858163,1878933,1878933,1878933,1878933,1878933,1878933,1878933,1900505
Nicaragua,15166,15186,15186,15186,15186,15186,15186,15186,15203,15203,15203,15203,15203
Niger,9428,9428,9428,9428,9428,9428,9428,9430,9430,9430,9430,9430,9430
Nigeria,266138,266138,266138,266138,266192,266192,266192,266192,266192,266192,266192,266242,266242
North Macedonia,344146,344146,344146,344146,344146,344146,344146,344146,344342,344342,344342,344342,344342
Norway,1465102,1465238,1465398,1465523,1465584,1465631,1465824,1465992,1466164,1466313,1466466,1466523,1466568
Oman,398775,398775,398775,398775,398775,398775,398775,398775,398775,398775,398775,398775,398775
Pakistan,1574094,1574167,1574275,1574321,1574321,1574407,1574407,1574432,1574508,1574549,1574549,1574638,1574679
Palau,5513,5513,5513,5513,5513,5513,5530,5530,5530,5530,5530,5530,5572
Panama,990413,990413,990413,990413,990413,990413,991251,991251,991251,991251,991251,991251,991251
Papua New Guinea,45465,45518,45550,45550,45550,45550,45629,45638,45691,45691,45721,45721,45721
Paraguay,717955,717955,717955,717980,717980,717980,717980,717980,717980,717980,718049,718049,718049
Peru,4157569,4158534,4159132,4159132,4161218,4161617,4161769,4163326,4165187,4167290,4169751,4171838,4172486
Philippines,4005157,4005840,4006635,4007318,4008550,4009466,4011026,4011625,4012868,4014039,4015266,4016401,4018253
Poland,6341296,6341449,6342404,6343097,6343675,6343775,6343905,6344651,6345188,6345679,6346155,6346228,6346312
Portugal,5520731,5520731,5520731,5520731,5520731,5525459,5527261,5527261,5528365,5528365,5528365,5531172,5531172
Qatar,469709,470098,470433,470756,471004,471357,471816,472226,472587,472927,473234,473440,473694
Romania,3287394,3287870,3288315,3288685,3288755,3289184,3289442,3290030,3290564,3290987,3291348,3291589,3291730
Russia,21129849,21136186,21142507,21148598,21154149,21158672,21163061,21167353,21172652,21178202,21183691,21189139,21194442
Rwanda,132584,132584,132584,132584,132584,132584,132584,132611,132611,132611,132611,132611,132611
Saint Kitts and Nevis,6548,6548,6549,6549,6549,6549,6549,6549,6549,6551,6552,6552,6552
Saint Lucia,29654,29654,29654,29654,29654,29654,29654,29654,29654,29654,29676,29676,29676
Saint Vincent and the Grenadines,9457,9459,9459,9459,9459,9459,9459,9459,9459,9459,9459,9459,9459
Samoa,15946,15946,15946,15946,15946,15946,15949,15949,15949,15949,15949,15949,15949
San Marino,21604,21604,21627,21662,21662,21662,21681,21723,21739,21739,21739,21739,21739
Sao Tome and Principe,6270,6270,6270,6270,6270,6270,6270,6275,6275,6275,6275,6275,6275
Saudi Arabia,822718,822976,823203,823388,823494,823624,823834,824003,824151,824273,824377,824438,824513
Senegal,88679,88679,88679,88679,88679,88679,88817,88817,88817,88826,88832,88832,88832
Serbia,2405146,2406002,2406834,2407595,2408130,2408606,2409415,2410231,2410954,2411691,2412298,2412750,2413142
Seychelles,49035,49035,49035,49380,49380,49380,49380,49380,49380,49380,49380,49380,49380
Sierra Leone,7754,7754,7754,7754,7754,7754,7754,7754,7754,7758,7758,7758,7758
Singapore,2108024,2112110,2115621,2118749,2121435,2123328,2125004,2128572,2131554,2134319,2136658,2138598,2140099
Slovakia,2643658,2643774,2644213,2644627,2644984,2645118,2645192,2645588,2645927,2646203,2646511,2646740,2646860
Slovenia,1233870,1234223,1235756,1236787,1237624,1237884,1238191,1239383,1240194,1240891,1241455,1242130,1242314
Solomon Islands,21544,21544,21544,21544,21544,21544,21544,21544,21544,21544,21544,21544,21544
Somalia,27237,27243,27243,27243,27243,27243,27254,27254,27254,27254,27254,27254,27254
South Africa,4028651,4029027,4029496,4029737,4029737,4029942,4030660,4031096,4031624,4032109,4032718,4033182,4033182
South Sudan,17823,18318,18318,18318,18318,18318,18325,18325,18325,18325,18325,18325,18325
Spain,13511768,13511768,13511768,13529643,13529643,13529643,13529643,13529643,13529643,13529643,13543816,13551539,13551539
Sri Lanka,671110,671125,671302,671310,671320,671328,671334,671350,671354,671369,671384,671406,671417
Sudan,63481,63509,63509,63509,63509,63509,63518,63558,63558,63561,63561,63561,63561
Summer Olympics 2020,865,865,865,865,865,865,865,865,865,865,865,865,865
Suriname,81228,81228,81228,81228,81228,81228,81228,81228,81228,81228,81228,81228,81228
Sweden,2611580,2611580,2614997,2614997,2614997,2614997,2614997,2614997,2614997,2618688,2618688,2618688,2618688
Switzerland,4255891,4255891,4255891,4255891,4255891,4255891,4255891,4276848,4276848,4276848,4276848,4276848,4276848
Syria,57362,57364,57365,57367,57367,57367,57371,57372,57374,57377,57378,57378,57378
Taiwan*,7746969,7780125,7810077,7837658,7863193,7887538,7904094,7929052,7953885,7976205,7996490,8015698,8034295
Tajikistan,17786,17786,17786,17786,17786,17786,17786,17786,17786,17786,17786,17786,17786
Tanzania,40054,40054,40054,40054,40054,40054,40054,40054,40054,40152,40152,40152,40152
Thailand,4692448,4692448,4692448,4692448,4692448,4695207,4695207,4695207,4695207,4695207,4695207,4695207,4698373
Timor-Leste,23301,23303,23303,23303,23303,23303,23305,23310,23312,23312,23312,23312,23312
Togo,39300,39304,39304,39310,39310,39311,39312,39314,39314,39316,39317,39319,39319
Tonga,16182,16182,16182,16182,16182,16182,16182,16182,16182,16182,16182,16182,16182
Trinidad and Tobago,184854,184854,184854,184854,184854,184854,184854,184949,184949,184949,184949,184949,184949
Tunisia,1146593,1146593,1146593,1146593,1146593,1146593,1146593,1146702,1146702,1146702,1146702,1146702,1146702
Turkey,16919638,16919638,16919638,16919638,16919638,16919638,16919638,16919638,16919638,16919638,16919638,16919638,16919638
Tuvalu,23,23,23,23,163,163,163,163,466,466,466,466,1259
US,97540814,97614852,97685695,97724406,97729710,97737841,97778514,97809969,97907293,97973635,97986819,97992088,97994731
Uganda,169473,169473,169473,169473,169473,169473,169473,169473,169473,169473,169473,169473,169473
Ukraine,5601163,5601211,5617643,5617701,5617767,5617810,5617842,5617870,5617906,5617950,5618015,5618081,5618142
United Arab Emirates,1037929,1038228,1038538,1038816,1039090,1039353,1039613,1039867,1040133,1040384,1040604,1040821,1041027
United Kingdom,24122922,24123152,24154796,24155154,24155154,24155154,24155192,24155262,24155358,24179611,24179656,24179656,24179656
Uruguay,990560,990560,990560,990560,990560,990560,991219,991219,991219,991219,991219,991219,991219
Uzbekistan,244648,244664,244716,244739,244739,244739,244827,244864,244878,244878,244878,244878,244878
Vanuatu,11981,11981,11981,11981,11981,11981,11981,11981,11981,11981,11981,11981,11981
Venezuela,545899,545926,545951,545963,546047,546110,546110,546122,546202,546202,546262,546384,546384
Vietnam,11503334,11504091,11504910,11505249,11505608,11505849,11506214,11506656,11507124,11507540,11508170,11508447,11508689
West Bank and Gaza,703036,703036,703036,703036,703036,703036,703036,703036,703036,703036,703036,703036,703036
Winter Olympics 2022,535,535,535,535,535,535,535,535,535,535,535,535,535
Yemen,11939,11944,11944,11945,11945,11945,11945,11945,11945,11945,11945,11945,11945
Zambia,333681,333684,333685,333685,333685,333685,333685,333685,333685,333685,333685,333685,333685
Zimbabwe,257893,257893,257893,257893,257893,257893,257893,257893,257893,257893,257893,257893,257893
