Country_Region,2022/01/01,2022/01/02,2022/01/03
Afghanistan,158107,158189,158183
Albania,210224,210885,210885
Algeria,218818,219159,219532
Andorra,23740,23740,24502
Angola,82398,82920,83764
Antarctica,11,11,11
Antigua and Barbuda,4283,4283,4283
Argentina,5674428,5694930,5739326
Armenia,344980,345007,345036
Australia,462955,492563,537308
Austria,1274628,1278327,1281328
Azerbaijan,617311,617679,617952
Bahamas,24476,25285,25534
Bahrain,282677,283344,284224
Bangladesh,1585909,1586466,1587140
Barbados,28810,28960,29160
Belarus,700421,701192,701699
Belgium,2105343,2105343,2133284
Belize,32840,32840,33457
Benin,24935,24935,24935
Bhutan,2660,2660,2664
Bolivia,599753,611031,622312
Bosnia and Herzegovina,291313,291313,291313
Botswana,219509,219509,222053
Brazil,22295621,22297427,22309081
Brunei,15470,15470,15506
Bulgaria,748184,749540,751458
Burkina Faso,17632,17632,17632
Burma,530946,531025,531155
Burundi,27366,27366,27366
Cabo Verde,42463,42811,43567
Cambodia,120507,120510,120516
Cameroon,109367,109367,109367
Canada,2256747,2286735,2323056
Central African Republic,12163,12163,12163
Chad,6183,6183,6183
Chile,1808398,1810302,1811297
China,128132,128259,128596
Colombia,5169855,5181173,5191021
Comoros,6688,6835,6907
Congo (Brazzaville),20089,20089,21277
Congo (Kinshasa),74793,74793,74793
Costa Rica,570556,570556,570556
Cote d'Ivoire,71815,72352,72352
Croatia,720538,720951,722054
Cuba,966473,966942,967498
Cyprus,169159,172697,177721
Czechia,2480736,2481832,2483762
Denmark,831974,839952,849334
Diamond Princess,712,712,712
Djibouti,13668,13685,13723
Dominica,6862,6862,6862
Dominican Republic,419927,421953,424809
Ecuador,551620,552324,553201
Egypt,386358,387159,387882
El Salvador,121945,121945,122063
Equatorial Guinea,13710,13710,13710
Eritrea,8026,8049,8063
Estonia,242123,242552,243236
Eswatini,66241,66286,66441
Ethiopia,424340,426656,428796
Fiji,54147,54147,55009
Finland,277700,281702,286679
France,10296909,10355341,10422830
Gabon,41798,41798,42640
Gambia,10170,10170,10170
Georgia,936844,937640,938583
Germany,7115992,7125701,7129500
Ghana,143997,145052,146119
Greece,1240862,1258495,1294741
Grenada,6299,6306,6338
Guatemala,628589,628695,628804
Guinea,32448,32671,32867
Guinea-Bissau,6484,6484,6499
Guyana,39779,40060,40154
Haiti,26213,26255,26259
Holy See,27,27,27
Honduras,379402,379402,379402
Hungary,1256415,1256415,1262280
Iceland,27059,27059,31070
India,34889132,34922882,34960261
Indonesia,4262994,4263168,4263433
Iran,6195403,6196913,6198590
Iraq,2093891,2094097,2094349
Ireland,811840,811840,845897
Israel,1390053,1395113,1404916
Italy,6266939,6328076,6396110
Jamaica,94649,95177,95946
Japan,1733835,1734463,1735244
Jordan,1064277,1065571,1067253
Kazakhstan,1072999,1072999,1073786
Kenya,297155,298509,299732
Kiribati,2,2,2
"Korea, North",0,0,0
"Korea, South",639083,642207,645226
Kosovo,161531,161560,161598
Kuwait,417723,418332,419314
Kyrgyzstan,184748,184786,184827
Laos,112083,112767,113432
Latvia,276841,277021,277692
Lebanon,731288,732733,735727
Lesotho,29652,29756,29999
Liberia,6278,6278,6278
Libya,388734,389650,390284
Liechtenstein,6167,6208,6236
Lithuania,526628,527906,529212
Luxembourg,103766,103766,105358
MS Zaandam,9,9,9
Madagascar,50279,50279,50279
Malawi,75828,76066,76295
Malaysia,2761472,2764354,2767044
Maldives,95891,96052,96294
Mali,21378,21549,21806
Malta,53503,54250,55062
Marshall Islands,4,4,4
Mauritania,41867,42182,42672
Mauritius,68552,68612,68661
Mexico,3988916,3990587,3993464
Micronesia,1,1,1
Moldova,376434,376602,376844
Monaco,4985,4985,4985
Mongolia,693119,693546,693849
Montenegro,171873,173161,174865
Morocco,965420,966777,967662
Mozambique,191722,192453,193371
Namibia,148839,149478,149741
Nauru,0,0,0
Nepal,828773,828986,829277
Netherlands,3200168,3218604,3234143
New Zealand,14257,14308,14367
Nicaragua,13563,13563,13563
Niger,7438,7438,7508
Nigeria,242877,242877,244120
North Macedonia,225484,225730,225972
Norway,396415,399318,404551
Oman,305489,305832,306008
Pakistan,1296527,1297235,1297865
Palau,12,13,13
Panama,497808,498785,500148
Papua New Guinea,36158,36190,36192
Paraguay,466101,466101,469523
Peru,2301177,2302678,2304674
Philippines,2847486,2851931,2855819
Poland,4120248,4127428,4133851
Portugal,1412936,1424016,1434570
Qatar,251361,252359,253536
Romania,1810342,1811300,1813056
Russia,10340011,10358099,10374292
Rwanda,112654,113582,114580
Saint Kitts and Nevis,3043,3193,3252
Saint Lucia,13640,13732,13816
Saint Vincent and the Grenadines,5850,5952,5991
Samoa,3,3,3
San Marino,8202,8202,8487
Sao Tome and Principe,3903,3912,3945
Saudi Arabia,557082,558106,559852
Senegal,75337,75671,75959
Serbia,1300949,1302856,1305621
Seychelles,24788,24788,24788
Sierra Leone,7114,7179,7220
Singapore,279861,280290,280754
Slovakia,1374354,1374850,1376559
Slovenia,465711,466554,467565
Solomon Islands,24,24,24
Somalia,23532,23532,23532
South Africa,3468079,3472436,3475512
South Sudan,15242,15242,15242
Spain,6294745,6294745,6667511
Sri Lanka,587596,587935,588300
Sudan,46518,46518,46518
Summer Olympics 2020,865,865,865
Suriname,52612,52895,53640
Sweden,1314784,1314784,1314784
Switzerland,1332615,1332615,1371062
Syria,50310,50337,50364
Taiwan*,17050,17070,17095
Tajikistan,17493,17493,17493
Tanzania,29306,29306,29306
Thailand,2226446,2229558,2232485
Timor-Leste,19839,19839,19842
Togo,30163,31165,31390
Tonga,1,1,1
Trinidad and Tobago,92201,92659,92997
Tunisia,727843,728260,728802
Turkey,9519281,9552801,9597670
Tuvalu,0,0,0
US,55099969,55396212,56438999
Uganda,142604,144540,145963
Ukraine,3852397,3854405,3856359
United Arab Emirates,764493,767093,769608
United Kingdom,13174530,13310224,13498751
Uruguay,414294,415249,416970
Uzbekistan,199030,199118,199182
Vanuatu,7,7,7
Venezuela,444828,444972,445082
Vietnam,1746092,1763040,1778976
West Bank and Gaza,469748,469748,469748
Winter Olympics 2022,0,0,0
Yemen,10127,10130,10138
Zambia,257948,259677,261221
Zimbabwe,214214,214214,216087
