날짜,report_url
2022/december,https://www.who.int/docs/default-source/coronaviruse/who_mou_december_2022.pdf?sfvrsn=7419952d_3&download=true
2022/12/21,https://www.who.int/docs/default-source/coronaviruse/situation-reports/20221221_weekly_epi_update_123a4e86d14-a160-4d2b-b919-95177f4a085b.pdf?sfvrsn=f0690234_4&download=true
2022/12/14,https://www.who.int/docs/default-source/coronaviruse/situation-reports/20221214_weekly_epi_update_122_.pdf?sfvrsn=fc6455bd_3&download=true
2022/12/07,https://www.who.int/docs/default-source/coronaviruse/situation-reports/20221207_weekly_epi_update_121.pdf?sfvrsn=d3c30215_4&download=true
2022/november,https://www.who.int/docs/default-source/coronaviruse/who_mou_november_2022.pdf?sfvrsn=8c38c938_1&download=true
2022/11/30,https://www.who.int/docs/default-source/coronaviruse/situation-reports/20221130_weekly_epi_update_120.pdf?sfvrsn=83f9ca9f_3&download=true
2022/11/23,https://www.who.int/docs/default-source/coronaviruse/situation-reports/20221123_weekly_epi_update_119.pdf?sfvrsn=1274f7b_4&download=true
2022/11/16,https://www.who.int/docs/default-source/coronaviruse/situation-reports/20221116_weekly_epi_update_118.pdf?sfvrsn=e47fbdc1_4&download=true
2022/11/09,https://www.who.int/docs/default-source/coronaviruse/situation-reports/20221109_weekly_epi_update_117.pdf?sfvrsn=69bd3e52_6&download=true
2022/11/02,https://www.who.int/docs/default-source/coronaviruse/situation-reports/20221102_weekly_epi_update_116.pdf?sfvrsn=e2510ada_4&download=true
2022/october,https://www.who.int/docs/default-source/coronaviruse/covid-19-who-monthly-update-october-2022.pdf?sfvrsn=57f64f6b_1&download=true
2022/10/26,https://www.who.int/docs/default-source/coronaviruse/situation-reports/20221026_weekly_epi_update_115.pdf?sfvrsn=733c78c9_4&download=true
2022/10/19,https://www.who.int/docs/default-source/coronaviruse/situation-reports/20221019_weekly_epi_update_114.pdf?sfvrsn=f4d3d5cb_2&download=true
2022/10/12,https://www.who.int/docs/default-source/coronaviruse/situation-reports/20221012_weekly_epi_update_113.pdf?sfvrsn=d4ea8a28_8&download=true
2022/10/05,https://www.who.int/docs/default-source/coronaviruse/situation-reports/20221005_weekly_epi_update_112.pdf?sfvrsn=13238981_7&download=true
2022/september,https://www.who.int/docs/default-source/coronaviruse/who_mou_29_september_2022.pdf?sfvrsn=bbb993be_1&download=true
2022/09/28,https://www.who.int/docs/default-source/coronaviruse/situation-reports/20220928_weekly_epi_update_111.pdf?sfvrsn=21b334fb_4&download=true
2022/09/21,https://www.who.int/docs/default-source/coronaviruse/situation-reports/20220921_weekly_epi_update_110.pdf?sfvrsn=e04635ae_4&download=true
2022/09/14,https://www.who.int/docs/default-source/coronaviruse/situation-reports/20220914_weekly_epi_update_109.pdf?sfvrsn=2cd98dd8_3&download=true
2022/09/07,https://www.who.int/docs/default-source/coronaviruse/situation-reports/20220907_weekly_epi_update_108.pdf?sfvrsn=26cbd0d2_3&download=true
2022/08/31,https://www.who.int/docs/default-source/coronaviruse/situation-reports/20220831_weekly_epi_update_107.pdf?sfvrsn=345acb6b_3&download=true
2022/august,https://www.who.int/docs/default-source/coronaviruse/who_mou_30_august-2022.pdf?sfvrsn=3588339f_1&download=true
2022/08/24,https://www.who.int/docs/default-source/coronaviruse/situation-reports/20220824_weekly_epi_update_106.pdf?sfvrsn=ebe27c30_4&download=true
2022/08/17,https://www.who.int/docs/default-source/coronaviruse/situation-reports/20220817_weekly_epi_update_105.pdf?sfvrsn=cfeb4c18_3&download=true
2022/08/10,https://www.who.int/docs/default-source/coronaviruse/situation-reports/20220810_weekly_epi_update_104.pdf?sfvrsn=5009b6e4_3&download=true
2022/08/03,https://www.who.int/docs/default-source/coronaviruse/situation-reports/20220803_weekly_epi_update_103.pdf?sfvrsn=10ab63c5_3&download=true
2022/07/27,https://www.who.int/docs/default-source/coronaviruse/situation-reports/20220727_weekly_epi_update_102.pdf?sfvrsn=c27bf29a_3&download=true
2022/07/20,https://www.who.int/docs/default-source/coronaviruse/situation-reports/20220720_weekly_epi_update_101.pdf?sfvrsn=7fbbc4ef_5&download=true
2022/07/13,https://www.who.int/docs/default-source/coronaviruse/situation-reports/20220713_weekly_epi_update_100.pdf?sfvrsn=503e4d74_3&download=true
2022/07/06,https://www.who.int/docs/default-source/coronaviruse/situation-reports/20220706_weekly_epi_update_99.pdf?sfvrsn=c320494_8&download=true
2022/06/29,https://www.who.int/docs/default-source/coronaviruse/situation-reports/20220629_weekly_epi_update_98.pdf?sfvrsn=158c6adc_8&download=true
2022/06/22,https://www.who.int/docs/default-source/coronaviruse/situation-reports/20220622_weekly_epi_update_97.pdf?sfvrsn=71bb00cd_12&download=true
2022/06/15,https://www.who.int/docs/default-source/coronaviruse/situation-reports/20220615_weekly_epi_update_96.pdf?sfvrsn=4c68273c_3&download=true
2022/06/08,https://www.who.int/docs/default-source/coronaviruse/situation-reports/20220608_weekly_epi_update_95.pdf?sfvrsn=9c87f377_6&download=true
2022/06/01,https://www.who.int/docs/default-source/coronaviruse/situation-reports/20220601_weekly_epi_update_94.pdf?sfvrsn=3bbf0b76_3&download=true
2022/05/25,https://www.who.int/docs/default-source/coronaviruse/situation-reports/20220525_weekly_epi_update_93.pdf?sfvrsn=e8162ad9_7&download=true
2022/05/18,https://www.who.int/docs/default-source/coronaviruse/situation-reports/20220518_weekly_epi_update_92.pdf?sfvrsn=fca4e67f_4&download=true
2022/05/11,https://www.who.int/docs/default-source/coronaviruse/situation-reports/20220511_weekly_epi_update_91.pdf?sfvrsn=a880c426_3&download=true
2022/05/04,https://www.who.int/docs/default-source/coronaviruse/situation-reports/20220504_weekly_epi_update_90.pdf?sfvrsn=e037585f_3&download=true
2022/04/27,https://www.who.int/docs/default-source/coronaviruse/situation-reports/20220427_weekly_epi_update_89.pdf?sfvrsn=e948ab5a_3&download=true
2022/04/20,https://www.who.int/docs/default-source/coronaviruse/situation-reports/20220420_weekly_epi_update_88.pdf?sfvrsn=d2d5acc4_3&download=true
2022/04/12,https://www.who.int/docs/default-source/coronaviruse/situation-reports/20220412_weekly_epi_update_87.pdf?sfvrsn=3411e8bb_4&download=true
2022/04/05,https://www.who.int/docs/default-source/coronaviruse/situation-reports/20220405_weekly_epi_update_86.pdf?sfvrsn=3f01a460_4&download=true
2022/03/30,https://www.who.int/docs/default-source/coronaviruse/weekly-updates/20220330_wou_97.pdf?sfvrsn=bc604ef7_3&download=true
2022/03/29,https://www.who.int/docs/default-source/coronaviruse/situation-reports/20220329_weekly_epi_update_85.pdf?sfvrsn=16aaa557_4&download=true
2022/03/22,https://www.who.int/docs/default-source/coronaviruse/situation-reports/20220322_weekly_epi_update_84.pdf?sfvrsn=9ec904fc_8&download=true
2022/03/22,https://www.who.int/docs/default-source/coronaviruse/weekly-updates/20220322_wou_96.pdf?sfvrsn=afc31ab6_3&download=true
2022/03/15,https://www.who.int/docs/default-source/coronaviruse/situation-reports/20220315_weekly_epi_update_83.pdf?sfvrsn=194a6d66_4&download=true
2022/03/15,https://www.who.int/docs/default-source/coronaviruse/weekly-updates/20220315_wou_95.pdf?sfvrsn=e2fb6206_3&download=true
2022/03/08,https://www.who.int/docs/default-source/coronaviruse/situation-reports/20220308_weekly_epi_update_82.pdf?sfvrsn=bcd9ca78_4&download=true
2022/02/08,https://www.who.int/docs/default-source/coronaviruse/weekly-updates/2022028_wou_94.pdf?sfvrsn=3ca3b13_3&download=true
2022/03/01,https://www.who.int/docs/default-source/coronaviruse/weekly-updates/20220301_wou_93.pdf?sfvrsn=1c81a78d_3&download=true
2022/03/01,https://www.who.int/docs/default-source/coronaviruse/situation-reports/20220301_weekly_epi_update_81.pdf?sfvrsn=7632e25_4&download=true
2022/02/22,https://www.who.int/docs/default-source/coronaviruse/situation-reports/20220222_weekly_epi_update_80.pdf?sfvrsn=31931200_3&download=true
2022/02/22,https://www.who.int/docs/default-source/coronaviruse/weekly-updates/20220222_wou_92.pdf?sfvrsn=52e56e95_3&download=true
2022/02/15,https://www.who.int/docs/default-source/coronaviruse/weekly-updates/20220215_wou_91.pdf?sfvrsn=1a491ba4_3&download=true
2022/02/15,https://www.who.int/docs/default-source/coronaviruse/situation-reports/20220215_weekly_epi_update_79.pdf?sfvrsn=8d9cdd8d_4&download=true
2022/02/08,https://www.who.int/docs/default-source/coronaviruse/situation-reports/20220208_weekly_epi_update_78.pdf?sfvrsn=630094d6_4&download=true
2022/02/08,https://www.who.int/docs/default-source/coronaviruse/weekly-updates/20220208_wou_90.pdf?sfvrsn=68891546_3&download=true
2022/02/01,https://www.who.int/docs/default-source/coronaviruse/situation-reports/20220201_weekly_epi_update_77.pdf?sfvrsn=f0b4115f_26&download=true
2022/02/01,https://www.who.int/docs/default-source/coronaviruse/weekly-updates/20220201_wou_89.pdf?sfvrsn=4ecf7bdb_3&download=true
2022/01/25,https://www.who.int/docs/default-source/coronaviruse/situation-reports/20220125_weekly_epi_update_76.pdf?sfvrsn=b4fd8a15_13&download=true
2022/01/25,https://www.who.int/docs/default-source/coronaviruse/weekly-updates/20220125_wou_88.pdf?sfvrsn=3ed65cbc_3&download=true
2022/01/18,https://www.who.int/docs/default-source/coronaviruse/situation-reports/20220118_weekly_epi_update_75.pdf?sfvrsn=3f8800dc_5&download=true
2022/01/17,https://www.who.int/docs/default-source/coronaviruse/weekly-updates/20220117_wou_87.pdf?sfvrsn=318e441f_3&download=true
2022/01/11,https://www.who.int/docs/default-source/coronaviruse/situation-reports/20220111_weekly_epi_update_74.pdf?sfvrsn=ecbff36_8&download=true
2022/01/11,https://www.who.int/docs/default-source/coronaviruse/weekly-updates/20220111_wou_86.pdf?sfvrsn=716f657b_3&download=true
2022/01/06,https://www.who.int/docs/default-source/coronaviruse/situation-reports/20220106_weekly_epi_update_73.pdf?sfvrsn=c731e59b_3&download=true
